# features	A006_2XSw_0h_Ctl_TACCGAGT	Bacteriodes_F_P1_CGAGTTGT	A011_0_h_CD_2_GTACCGGT	A011_0_h_CD_2_TCCATATT	A006_2XSw_0h_Ctl_GTACCGGT	Bacteriodes_F_P1_CCCTCCGT	S5_363_0h_ctl_CCCTCCGT	Bacteriodes_F_P1_GCCGGTAT	S5_363_0h_ctl_GTACCGGT	A011_0_h_CD_2_TACCGAGT	Bacteriodes_F_P1_CCGAGGGT	A011_0_h_CD_2_CCCTCCGT	A006_2XSw_0h_Ctl_TCTCCCAT	A011_0_h_CD_2_GCCGGTAT	A006_2XSw_0h_Ctl_CCCTCCGT	A011_0_h_CD_2_CCGAGGGT	S5_363_0h_ctl_CGAGTTGT	A011_0_h_CD_2_CGAGTTGT	Bacteriodes_F_P1_TGGCTGCT
1CMET2-PWY: folate transformations III (E. coli)	0.0	0.7565698237368936	1.5135702695354738	0.0	0.0	0.6945847261923536	1.2859858976717737	0.8295225965292997	1.0692319950321854	2.039889944116784	0.851039610578286	0.7094519763645789	0.0	0.5760041527761934	0.938604993373483	0.0	0.8781828476034651	0.0	0.34237728610725754
3-HYDROXYPHENYLACETATE-DEGRADATION-PWY: 4-hydroxyphenylacetate degradation	NaN	NaN	0.0	NaN	NaN	NaN	0.0	NaN	NaN	NaN	NaN	NaN	NaN	NaN	NaN	0.0	0.0	NaN	NaN
7ALPHADEHYDROX-PWY	NaN	NaN	0.0	NaN	NaN	NaN	NaN	NaN	NaN	NaN	NaN	NaN	NaN	NaN	NaN	NaN	NaN	NaN	NaN
AEROBACTINSYN-PWY: aerobactin biosynthesis	NaN	NaN	0.0	NaN	NaN	0.0	0.0	NaN	NaN	NaN	NaN	0.3716664028276328	NaN	NaN	NaN	0.0	NaN	NaN	NaN
ALLANTOINDEG-PWY: superpathway of allantoin degradation in yeast	0.0	NaN	NaN	NaN	0.0	0.0	0.0	NaN	NaN	NaN	NaN	0.0	NaN	NaN	NaN	0.0	0.0	NaN	NaN
ANAEROFRUCAT-PWY: homolactic fermentation	0.0	NaN	2.2246507910538225	0.0	0.0	1.0870178302917028	0.6899295807202033	0.0	0.8193853385681172	5.832375054363474	1.7366623196422055	1.359295758017157	0.0	1.5850157784002925	0.0	0.0	2.166258014716419	0.0	0.0
ANAGLYCOLYSIS-PWY: glycolysis III (from glucose)	0.0	147.34515209445595	4.018822727465237	9.120123080386755	0.0	1.8364937247185316	2.8978901111337287	2.918136049674736	2.7247570503303224	5.811333003058139	2.99360882771487	2.7791480948896394	19.202209222561166	2.501966052108	3.4302752117639272	1.150756793853437	2.901958182778955	0.0	3.8099611047362907
ARG+POLYAMINE-SYN: superpathway of arginine and polyamine biosynthesis	0.0	NaN	0.3350075018100948	0.0	0.0	0.0	0.0	NaN	0.0	0.0	0.0	0.3412985843974127	0.0	0.4898873974044816	0.0	0.0	0.0	0.0	NaN
ARGDEG-PWY: superpathway of L-arginine, putrescine, and 4-aminobutanoate degradation	NaN	NaN	0.0	0.0	NaN	0.0	0.0	NaN	NaN	NaN	NaN	5.948066650031185	0.0	0.0	NaN	0.0	0.0	0.0	NaN
ARGININE-SYN4-PWY: L-ornithine biosynthesis II	0.0	0.3605979592246572	841.2578154011968	0.0	0.0	0.0	1.0806512551099856	0.9459679917823415	2.3435293423271872	0.0	NaN	1.9008658684614779	0.0	0.4481875013846606	2.0243015677466896	0.0	1.175096941403083	0.0	NaN
ARGORNPROST-PWY	0.0	NaN	0.0	0.0	0.0	0.0	0.0	NaN	0.0	NaN	NaN	0.0	0.0	0.0	0.0	NaN	0.0	NaN	NaN
ARGSYN-PWY: L-arginine biosynthesis I (via L-ornithine)	0.0	NaN	1.103431437832365	0.0	0.0	2.8071914614924123	0.43667141733122455	0.0	0.0	0.0	1.805677785889144	0.4252282260923207	0.0	0.8810994419753102	0.0	0.0	0.3246220228713931	0.0	0.0
ARGSYNBSUB-PWY: L-arginine biosynthesis II (acetyl cycle)	0.0	NaN	0.7387230251027859	0.0	0.0	2.4363366177763863	0.5188501871484429	NaN	0.4763843175298418	0.0	1.5217756686018393	0.3420300072659878	0.0	0.8636945600574893	0.0	0.0	0.3031280235856786	0.0	0.0
ARO-PWY: chorismate biosynthesis I	0.0	0.0	0.77558790825607	0.0	0.0	1.6606649987417188	0.36505429314225607	0.0	0.45523987073446864	0.0	0.82086416139815	0.7636477713584953	0.0	0.48563770541788714	0.4997523685415158	0.0	0.26294181419879564	0.0	NaN
ASPASN-PWY: superpathway of L-aspartate and L-asparagine biosynthesis	0.0	72.53210764426964	4.149819280611461	24.68501361487174	0.0	1.023559339402489	0.8736306066515223	0.5393347418456927	1.2280700631139585	2.6259389026335698	1.0438046779651369	1.1280068652771653	7.0493895061099865	1.7348308671927313	1.8270025249418163	0.0	1.1520956564467046	12.427874224751461	1.6302527179053634
AST-PWY: L-arginine degradation II (AST pathway)	NaN	NaN	0.0	0.0	NaN	6.9691412425853745	0.0	NaN	NaN	NaN	0.633705502468548	4.885388772306729	0.0	0.0	NaN	0.0	NaN	NaN	NaN
BIOTIN-BIOSYNTHESIS-PWY: biotin biosynthesis I	0.0	0.0	1.095370714963464	0.0	0.0	0.0	0.0	0.0	0.0	0.0	0.21915444468601186	0.12459617068635426	0.0	0.3901758827275305	0.0	0.0	0.0	0.0	Inf
BRANCHED-CHAIN-AA-SYN-PWY: superpathway of branched chain amino acid biosynthesis	0.0	0.40882635420948416	0.30973550774289516	0.0	0.0	0.48667582185005126	0.6319864720513145	0.5740200549754128	1.489955773213822	0.0	0.3446134040429174	0.8787249167154607	0.0	0.5085719926843543	1.6047867407099379	0.0	0.8434840802297642	0.0	1.4734553580925578
CALVIN-PWY: Calvin-Benson-Bassham cycle	0.0	51.16169970643519	1.5292107431896627	0.0	0.0	2.000467933909998	0.5029166663436903	0.33791573921593765	1.0604069348967882	4.900805752521593	2.2156253456322768	3.4472759063629526	0.0	1.3633656551729194	1.9248271421801735	2.5103218108003222	0.5310378685099065	0.0	0.0
CATECHOL-ORTHO-CLEAVAGE-PWY: catechol degradation to &beta;-ketoadipate	NaN	NaN	NaN	NaN	NaN	0.0	NaN	NaN	NaN	NaN	NaN	0.0	NaN	NaN	NaN	0.0	0.0	NaN	NaN
CENTFERM-PWY: pyruvate fermentation to butanoate	0.0	NaN	0.0	0.0	0.0	NaN	0.0	NaN	0.0	0.0	NaN	0.0	NaN	0.0	0.0	0.0	4.8425764918475505	0.0	NaN
CITRULBIO-PWY: L-citrulline biosynthesis	0.0	NaN	451.76829464982666	0.0	0.0	0.0	0.0	NaN	1.3632163000019457	0.0	NaN	0.4109132881536572	0.0	0.6178856625752662	0.0	0.0	2.230911149976961	0.0	NaN
COA-PWY-1: superpathway of coenzyme A biosynthesis III (mammals)	0.0	0.0	1.8569953238603882	2.310333517522351	0.0	0.2128959548940829	0.7675903135134158	0.5633328015610464	0.7155468375484629	0.0	0.6642612875903348	0.37592612588837215	0.0	0.5802603031226766	1.0765889220580875	0.0	0.6979410176476835	0.0	0.9580950168464307
COA-PWY: coenzyme A biosynthesis I (prokaryotic)	0.0	0.0	2.765708826090888	2.427487774656471	0.0	0.4331514307603919	0.7847417184490282	0.6416736298387999	1.1849601651630128	0.0	0.8073694520304003	0.47392151930288356	0.0	0.5913320792067239	1.878100660519974	0.0	0.9201232832686057	0.0	0.70640333481287
COBALSYN-PWY: superpathway of adenosylcobalamin salvage from cobinamide I	0.0	NaN	0.5153456678913774	0.0	0.0	0.0	0.386398291266484	0.0	0.0	0.0	0.18090751720698237	0.477117236522481	0.0	0.15877851357367664	0.0	0.0	0.0	0.0	0.0
COLANSYN-PWY: colanic acid building blocks biosynthesis	0.0	Inf	0.3675338730390542	0.0	0.0	0.0	0.6215710309924641	NaN	0.9663107088575613	0.0	0.17334680266764382	0.39084369000126074	0.0	0.753040950918127	0.0	0.0	1.0709975158622127	0.0	NaN
COMPLETE-ARO-PWY: superpathway of aromatic amino acid biosynthesis	0.0	0.0	0.7025768148107199	0.0	0.0	1.5915325079544158	0.35378134103863307	0.0	0.39858487805911125	0.0	0.762492904436586	0.7225314239005074	0.0	0.48935444447887744	0.519691184590783	0.0	0.2729800738405667	0.0	NaN
CRNFORCAT-PWY: creatinine degradation I	NaN	NaN	NaN	NaN	NaN	NaN	NaN	NaN	NaN	NaN	NaN	0.0	NaN	NaN	NaN	NaN	NaN	0.0	NaN
DAPLYSINESYN-PWY: L-lysine biosynthesis I	0.0	NaN	0.5389971718186611	0.0	0.0	0.0	0.8573857187141848	NaN	2.6659677449567316	0.0	1.1927213517215978	0.6122130499705868	0.0	0.9905739938417134	0.0	0.0	1.3329582161397102	0.0	0.006733661249666637
DENITRIFICATION-PWY: nitrate reduction I (denitrification)	NaN	NaN	NaN	NaN	0.0	NaN	NaN	NaN	NaN	NaN	NaN	0.0	NaN	NaN	NaN	NaN	NaN	NaN	NaN
DENOVOPURINE2-PWY: superpathway of purine nucleotides de novo biosynthesis II	0.0	NaN	0.0	0.0	0.0	0.0	NaN	NaN	NaN	NaN	0.9169741930885917	1.119721031822641	0.0	4.056470336333924	NaN	0.0	0.0	NaN	Inf
DHGLUCONATE-PYR-CAT-PWY: glucose degradation (oxidative)	NaN	NaN	NaN	NaN	NaN	NaN	NaN	NaN	NaN	NaN	NaN	0.0	NaN	NaN	NaN	NaN	NaN	NaN	NaN
DTDPRHAMSYN-PWY: dTDP-&beta;-L-rhamnose biosynthesis	0.0	0.9118921169899052	1.672920525005428	0.0	3.316885966653059	0.0	0.8960439193093588	0.7192384044556637	0.37707166934875264	1.1787840690327724	NaN	0.5811232991565769	0.0	0.3877709727222572	1.5073774504642832	0.5422637289479401	0.737238028001322	0.0	NaN
ECASYN-PWY: enterobacterial common antigen biosynthesis	NaN	NaN	0.0	0.0	NaN	0.0	0.0	NaN	NaN	NaN	0.2842684465702977	0.3272269006144082	0.0	0.23514179370770016	NaN	0.0	0.0	NaN	NaN
FAO-PWY: fatty acid &beta;-oxidation I (generic)	NaN	NaN	0.0	0.0	NaN	13.489783415534022	0.0	NaN	NaN	NaN	1.278121707632094	0.4098194630996523	0.0	1.1857615959543728	NaN	0.0	0.0	NaN	NaN
FASYN-ELONG-PWY: fatty acid elongation -- saturated	0.0	48.96616146925857	1.4304394301085168	4.161746127335984	0.0	2.4161101175742967	0.0	0.0	0.0	0.0	1.7018553352028112	2.5249602982342103	0.0	1.48273313018275	0.0	9.118969454946976	1.202823274074927	0.0	1.9915599554092098
FASYN-INITIAL-PWY: superpathway of fatty acid biosynthesis initiation (E. coli)	0.0	0.0	2.346127405182338	0.0	0.0	0.38965828277387915	1.4502852147950769	0.0	1.1325402286746318	0.0	1.090667139452093	1.9248110602620971	0.0	0.9958150869602255	0.0	0.0	1.5872478660691385	0.0	4.761441663558337
FERMENTATION-PWY: mixed acid fermentation	0.0	NaN	1.5974485395818112	13.231014481647199	0.0	1.9589871538195653	0.0	NaN	0.0	0.0	0.7775310295453695	1.1757260459558594	45.251210875285466	2.034070080629727	0.0	4.057389653425868	0.0	0.0	NaN
FOLSYN-PWY: superpathway of tetrahydrofolate biosynthesis and salvage	0.0	NaN	0.0	0.0	0.0	0.0	0.0	NaN	0.0	NaN	NaN	0.5215538560579219	0.0	0.6908960763919512	0.0	0.0	0.0	0.0	NaN
FUC-RHAMCAT-PWY: superpathway of fucose and rhamnose degradation	0.0	NaN	0.0	0.0	0.0	0.0	0.0	NaN	0.0	NaN	0.04785380739929708	0.0	0.0	0.06255196712090176	0.0	0.0	0.0	0.0	NaN
FUCCAT-PWY: fucose degradation	0.0	NaN	0.0	0.0	0.0	0.0	0.0	NaN	1.6078277410553825	0.0	0.06709025938577373	0.035429338989012356	0.0	0.22155823755694398	4.070401700481039	0.0	0.0	0.0	NaN
GALACT-GLUCUROCAT-PWY: superpathway of hexuronide and hexuronate degradation	0.0	NaN	0.354226472547625	0.0	0.0	0.0	0.0	NaN	0.0	0.0	NaN	0.22209757345748768	0.0	0.5457238749013066	0.0	0.0	0.5304256443974497	0.0	NaN
GALACTARDEG-PWY: D-galactarate degradation I	0.0	0.0	0.0	0.0	0.0	0.0	0.0	NaN	0.0	NaN	0.0749151900143117	0.0	0.0	0.2498223593691798	0.0	0.0	0.0	0.0	0.0
GALACTUROCAT-PWY: D-galacturonate degradation I	0.0	NaN	0.6943949589082332	0.0	0.0	0.0	0.0	NaN	0.0	0.0	0.08975910535926958	0.30735799116079143	0.0	1.3047769186182205	0.0	0.0	0.5112640703935304	0.0	NaN
GLCMANNANAUT-PWY: superpathway of N-acetylglucosamine, N-acetylmannosamine and N-acetylneuraminate degradation	0.0	NaN	0.40781308023727547	3.24048135373465	0.0	0.0	0.0	NaN	0.23613550715222734	0.0	0.3009217005539138	0.13189968761637658	0.0	0.558475578844057	2.5265671284034408	0.0	0.0	0.0	0.0
GLUCARDEG-PWY: D-glucarate degradation I	0.0	0.0	0.0	0.0	0.0	0.0	0.0	NaN	0.0	NaN	0.07581534410228273	0.0	0.0	0.09896509992763226	0.0	0.0	0.0	0.0	0.0
GLUCARGALACTSUPER-PWY: superpathway of D-glucarate and D-galactarate degradation	0.0	0.0	0.0	0.0	0.0	0.0	0.0	NaN	0.0	NaN	0.0749151900143117	0.0	0.0	0.2498223593691798	0.0	0.0	0.0	0.0	0.0
GLUCONEO-PWY: gluconeogenesis I	0.0	NaN	2.7681106365872363	0.0	0.0	1.6868162166930591	4.522175216611245	0.7511148922180114	7.246281508701554	76.450940381589	2.091665428836667	2.9285691787805024	0.0	1.9456630802458155	7.033664854776659	4.457638444226634	25.535414868912923	0.0	0.0
GLUCOSE1PMETAB-PWY: glucose and glucose-1-phosphate degradation	0.0	NaN	0.7894669803359712	0.0	0.0	0.0	0.0	0.0	6.061423317051237	0.0	NaN	1.2412422743872082	0.0	1.9835777824051661	NaN	0.0	0.0	0.0	0.0
GLUCUROCAT-PWY: superpathway of &beta;-D-glucuronosides degradation	0.0	NaN	0.30398413110252553	0.0	0.0	0.0	0.0	NaN	0.0	0.0	0.08528826104259404	0.2635425692075659	0.0	0.4952234806858372	0.0	0.0	0.5636100689272123	0.0	0.0
GLUDEG-I-PWY: GABA shunt	0.0	NaN	0.0	0.0	0.0	0.0	0.0	NaN	0.0	NaN	NaN	4.874006303678656	0.0	0.059764772287609645	0.0	0.0	0.0	0.0	NaN
GLUTORN-PWY: L-ornithine biosynthesis I	0.0	NaN	0.42148982175096655	0.0	0.0	2.7932313777375466	0.28797645048799	0.0	0.0	0.0	1.777459072092906	0.428447259723421	0.0	0.38901072864794634	0.0	0.0	0.23055004522655165	0.0	0.0
GLYCOCAT-PWY: glycogen degradation I	0.0	NaN	0.3105513977286888	0.0	0.0	0.0	0.0	NaN	5.767812164998682	0.0	NaN	1.5519688101664308	0.0	0.6162875585014016	NaN	0.0	0.0	0.0	0.0
GLYCOGENSYNTH-PWY: glycogen biosynthesis I (from ADP-D-Glucose)	0.0	Inf	2.2231839088458605	0.0	7.626765526352523	3.6815209168149443	0.6977950087665009	0.0	1.3140969888170702	0.0	1.4193769518930002	1.63176629633911	0.0	0.8342702946955933	1.8664331859236885	2.0927252557940594	1.2972849371437014	0.0	0.0
GLYCOL-GLYOXDEG-PWY: superpathway of glycol metabolism and degradation	NaN	NaN	0.0	0.0	0.0	0.0	0.0	NaN	NaN	NaN	0.13590483645507972	0.4685662900422428	NaN	0.0	NaN	0.0	0.0	NaN	NaN
GLYCOLYSIS-E-D: superpathway of glycolysis and the Entner-Doudoroff pathway	0.0	NaN	2.3185151331147678	0.0	0.0	2.617899742017879	1.985664549391755	0.0	0.0	0.0	1.9681358966608122	0.9123416697218457	0.0	1.8953869350461054	0.0	0.0	1.958405882923662	0.0	0.0
GLYCOLYSIS-TCA-GLYOX-BYPASS: superpathway of glycolysis, pyruvate dehydrogenase, TCA, and glyoxylate bypass	NaN	NaN	0.31853953166055815	0.0	0.0	0.0	0.0	NaN	NaN	NaN	0.5682833574421828	2.6183929471582346	0.0	1.6028966338472537	0.0	11.937956097285024	0.0	0.0	0.0
GLYCOLYSIS: glycolysis I (from glucose 6-phosphate)	0.0	65.1934032188346	3.3097835483840936	8.632274209933556	0.0	1.8695921563797007	5.700925381835938	0.9686253475244513	5.172055815841155	8.438383312228744	2.999505492887905	3.4922152756328315	0.0	2.7117304316564517	0.0	3.829841721710645	5.1578014035317175	0.0	1.4081705255063028
GLYOXYLATE-BYPASS: glyoxylate cycle	NaN	NaN	0.11898717720741847	0.0	0.0	14.438638327695884	3.081793316660035	NaN	NaN	NaN	3.9625146855586	4.41217013025059	0.0	1.068809758993569	0.0	47.597234056172766	0.0	0.0	0.0
GOLPDLCAT-PWY: superpathway of glycerol degradation to 1,3-propanediol	0.0	NaN	0.0	0.0	0.0	0.5706681700116796	0.0	NaN	0.0	0.0	0.05932131493139727	0.0	0.0	0.0	0.0	0.0	0.0	0.0	NaN
HCAMHPDEG-PWY: 3-phenylpropanoate and 3-(3-hydroxyphenyl)propanoate degradation to 2-hydroxypentadienoate	NaN	NaN	0.0	0.0	NaN	0.0	0.0	NaN	NaN	NaN	0.036291785211596435	0.0	0.0	20.93216089640668	0.0	0.0	0.0	NaN	NaN
HEME-BIOSYNTHESIS-II: heme b biosynthesis I (aerobic)	0.0	NaN	0.13158275342023887	0.0	0.0	1.2429373386471227	0.0	NaN	0.0	NaN	0.5992050640108614	0.5944730146746237	0.0	1.0893627775450585	0.0	0.0	0.0	0.0	0.2642902501203482
HEMESYN2-PWY: heme b biosynthesis II (oxygen-independent)	0.0	NaN	0.08371027022141858	0.0	0.0	2.2228092437402847	0.0	NaN	0.0	NaN	0.6348329214296565	1.4554466369452919	0.0	0.7819789649474082	0.0	0.0	2.092356821319027	0.0	0.3775665372980477
HEXITOLDEGSUPER-PWY: superpathway of hexitol degradation (bacteria)	0.0	NaN	0.19386589128364634	0.0	0.0	0.0	0.0	NaN	0.0	0.0	0.2756976289447551	0.08276649727061336	0.0	0.731590952682713	0.0	0.0	2.2174455033776717	0.0	0.0
HISDEG-PWY: L-histidine degradation I	0.0	0.0	1068.3781357932908	0.0	0.0	1.7837769645919417	2.5465627008568186	0.0	2.601350288527032	0.0	0.4117195754849732	0.18347544236759208	0.0	0.24706292055515305	0.794192661021562	0.0	2.7418851622541305	0.0	0.0
HISTSYN-PWY: L-histidine biosynthesis	0.0	0.626030876866482	1.924835885314231	0.0	0.0	0.0	0.41610000527567964	0.4792089029260798	0.61932580410807	0.0	0.5190785671067675	0.5656264559844005	0.0	1.09579743146128	0.9022555662885828	0.5391346349814192	1.0002932419744102	0.0	0.07204276168711166
HOMOSER-METSYN-PWY: L-methionine biosynthesis I	0.0	NaN	0.06375738856323304	0.0	0.0	1.1160863455424634	0.9981168400622621	66.61869747801195	0.0	0.0	0.3740159858908927	0.5103421813331764	0.0	0.22461027932117814	0.0	0.0	0.0	0.0	0.0
HSERMETANA-PWY: L-methionine biosynthesis III	0.0	Inf	77.6523125162367	0.0	0.0	0.0	0.6018572736061167	0.8778936702891948	0.633945499311391	0.0	NaN	0.26113804441250865	0.0	0.12601468042304143	0.5335243300389613	0.0	0.34383120081531876	0.0	0.0
ILEUSYN-PWY: L-isoleucine biosynthesis I (from threonine)	0.0	0.6841740908003334	0.6685781706977879	0.0	0.0	0.8516917417183041	1.2448498559696557	0.7449468528252695	1.3120714763471493	0.0	0.33795219098485424	0.8327316866426886	0.0	0.45863255959490085	1.6383421550973951	0.0	1.3148936818530137	0.0	1.8966577341344886
KDO-NAGLIPASYN-PWY: superpathway of (Kdo)2-lipid A biosynthesis	NaN	NaN	0.0	0.0	NaN	4.972848171030002	0.0	NaN	NaN	NaN	1.3831185485176725	0.7253003605306094	0.0	0.5703145590723784	NaN	0.0	0.0	NaN	NaN
KETOGLUCONMET-PWY: ketogluconate metabolism	NaN	NaN	0.04520867228359978	0.0	0.0	0.0	0.0	NaN	NaN	NaN	0.0	0.9864701880645966	0.0	1.0545936868952266	NaN	0.0	0.0	0.0	NaN
LACTOSECAT-PWY: lactose and galactose degradation I	0.0	NaN	0.0	0.0	0.0	NaN	0.0	NaN	0.0	0.0	NaN	0.0	0.0	1.7273586230141007	0.0	0.0	0.0	0.0	NaN
LIPASYN-PWY: phospholipases	NaN	NaN	0.0	0.0	NaN	NaN	NaN	NaN	NaN	NaN	NaN	NaN	NaN	NaN	NaN	NaN	NaN	NaN	NaN
LPSSYN-PWY: superpathway of lipopolysaccharide biosynthesis	NaN	NaN	0.0	0.0	NaN	NaN	0.0	NaN	NaN	NaN	NaN	0.7366134382602741	0.0	0.0	NaN	0.0	NaN	NaN	NaN
MET-SAM-PWY: superpathway of S-adenosyl-L-methionine biosynthesis	0.0	NaN	0.10684607763428078	0.0	0.0	1.0853879473093992	0.9253198151715687	52.79232905948443	0.0	0.0	0.5160196077960499	0.5127623944136079	0.0	0.24473982367626979	0.0	0.0	0.0	0.0	0.0
METH-ACETATE-PWY: methanogenesis from acetate	0.0	NaN	Inf	0.0	0.0	0.0	0.0	NaN	0.0	0.0	NaN	0.0	0.0	3.9166407847936875	1.7527197913836887	0.0	3.3398563693904424	0.0	NaN
METHANOGENESIS-PWY: methanogenesis from H2 and CO2	NaN	NaN	NaN	NaN	0.0	NaN	0.0	NaN	NaN	NaN	NaN	NaN	NaN	NaN	NaN	NaN	NaN	NaN	NaN
METHGLYUT-PWY: superpathway of methylglyoxal degradation	0.0	NaN	0.2662141376253944	0.0	0.0	0.0	0.0	NaN	0.0	NaN	NaN	0.7796177805951895	0.0	0.44897449220576313	0.0	0.0	0.0	0.0	NaN
METSYN-PWY: superpathway of L-homoserine and L-methionine biosynthesis	0.0	NaN	0.10446744301439076	0.0	0.0	1.117358616873642	0.9490074840387792	53.702001538303605	0.0	0.0	0.4580358623716968	0.5038327057722539	0.0	0.2542353157060869	0.0	0.0	0.0	0.0	0.0
NAD-BIOSYNTHESIS-II: NAD salvage pathway III (to nicotinamide riboside)	0.0	NaN	0.0	0.0	0.0	1.8430955229634134	5.878672700468459	NaN	0.0	0.0	0.670492086337604	0.6062554134339128	0.0	0.5896919719261203	0.0	0.0	1.9975733128716786	0.0	0.0
NAGLIPASYN-PWY: lipid IVA biosynthesis (E. coli)	0.0	0.0	0.749581571138518	8.338500930251929	0.0	2.894351178117886	2.9899095300575182	0.0	1.1831516929019155	0.0	1.478255979017184	1.1562620436343425	0.0	0.8383001702715369	0.0	0.0	1.8641044611593662	0.0	5.320928275324995
NONMEVIPP-PWY: methylerythritol phosphate pathway I	0.0	0.0	1.6252907546814657	0.0	0.0	0.7735987201708225	0.4339294542467522	0.26638685531754086	0.6412614216117954	2.788811845981607	0.8443136670072958	0.691697803534407	0.0	0.47913080489044446	0.843777780753275	0.0	0.6846797045288799	0.0	0.006549693803808321
NONOXIPENT-PWY: pentose phosphate pathway (non-oxidative branch) I	0.0	227.23432570668376	0.866075964627306	1.6854323749258349	0.0	2.1777909385184615	0.6120796554962334	2.71892972321578	1.2256637206219376	2.6187687732620875	1.720601351956316	2.0889028878030786	9.139579072282693	1.105664435700683	1.16381070161078	3.962386948882504	0.3890112147075033	0.0	0.010917976693191708
OANTIGEN-PWY: O-antigen building blocks biosynthesis (E. coli)	0.0	NaN	0.9926603856214274	0.0	0.0	0.0	0.0	NaN	0.0	0.0	NaN	0.5356516586482138	0.0	0.6319436282784645	0.43466823221399237	0.0	0.5465724012209985	0.0	NaN
ORNARGDEG-PWY: superpathway of L-arginine and L-ornithine degradation	NaN	NaN	0.0	0.0	NaN	0.0	0.0	NaN	NaN	NaN	NaN	5.948066650031185	0.0	0.0	NaN	0.0	0.0	0.0	NaN
ORNDEG-PWY: superpathway of ornithine degradation	NaN	NaN	0.0	0.0	0.0	0.0	0.0	NaN	NaN	NaN	0.3565860710169263	0.5213877198299394	0.0	0.28551693495628355	NaN	0.0	0.0	0.0	NaN
P105-PWY: TCA cycle IV (2-oxoglutarate decarboxylase)	NaN	NaN	0.0	0.0	NaN	0.0	0.0	NaN	NaN	NaN	NaN	2.487837068913716	0.0	1.8581605478862977	NaN	20.14611977783703	0.0	0.0	NaN
P108-PWY: pyruvate fermentation to propanoate I	0.0	NaN	161.43510372173716	0.0	0.0	0.0	0.0	Inf	9.44287749334339	0.0	NaN	2.1129743403283427	13.601151489925194	1.3103845973447243	1.9411272241759754	0.0	1.8083033187112336	0.0	0.0
P122-PWY: heterolactic fermentation	0.0	NaN	0.0	0.0	0.0	0.0	NaN	NaN	NaN	NaN	NaN	0.7240404767183746	0.0	1.0950400530792397	NaN	0.0	0.0	0.0	NaN
P124-PWY: Bifidobacterium shunt	NaN	NaN	59.45395058344273	0.0	0.0	NaN	0.0	NaN	0.0	0.0	NaN	0.5565271284291501	NaN	NaN	0.0	0.0	0.0	0.0	NaN
P125-PWY: superpathway of (R,R)-butanediol biosynthesis	0.0	NaN	0.0	0.0	0.0	NaN	0.0	NaN	NaN	NaN	NaN	0.0	NaN	NaN	NaN	0.0	0.0	0.0	NaN
P161-PWY: acetylene degradation (anaerobic)	0.0	NaN	0.1324446044979294	0.0	0.0	1.302316020965697	0.0	NaN	0.0	NaN	0.8168744028100372	1.0343741604957417	0.0	2.025231198195714	0.0	0.0	16.500892870246407	0.0	NaN
P163-PWY: L-lysine fermentation to acetate and butanoate	NaN	NaN	NaN	NaN	NaN	NaN	0.0	NaN	0.0	NaN	NaN	NaN	NaN	NaN	NaN	NaN	NaN	0.0	NaN
P164-PWY: purine nucleobases degradation I (anaerobic)	0.0	NaN	1.428190541965559	0.0	0.0	0.0	0.6822530576251189	NaN	10.834123575816061	107.24760412918802	NaN	0.0	0.0	0.15609432431662398	2.0887999924571625	0.0	0.0	0.0	NaN
P165-PWY: superpathway of purines degradation in plants	NaN	NaN	NaN	NaN	NaN	NaN	NaN	NaN	NaN	NaN	NaN	0.0	NaN	NaN	NaN	NaN	NaN	NaN	NaN
P185-PWY: formaldehyde assimilation III (dihydroxyacetone cycle)	0.0	NaN	0.0	0.0	0.0	1.1219042247655895	0.0	NaN	0.0	0.0	0.11022829299671019	0.0	0.0	NaN	0.0	0.0	0.0	0.0	NaN
P221-PWY: octane oxidation	NaN	NaN	0.0	0.0	NaN	NaN	0.0	NaN	NaN	NaN	NaN	0.0	0.0	0.7292448965892462	NaN	0.0	0.0	NaN	NaN
P23-PWY: reductive TCA cycle I	0.0	NaN	0.0	NaN	0.0	NaN	0.0	NaN	0.0	NaN	NaN	NaN	0.0	0.0	0.0	0.0	0.0	0.0	NaN
P4-PWY: superpathway of L-lysine, L-threonine and L-methionine biosynthesis I	0.0	NaN	0.0	0.0	0.0	0.0	0.0	NaN	0.0	NaN	0.6754581227872293	0.2868609876536898	0.0	0.5294360754398273	0.0	0.0	0.0	0.0	0.0
P42-PWY: incomplete reductive TCA cycle	0.0	NaN	1.9798674273922685	0.0	0.0	NaN	0.0	NaN	0.0	0.0	NaN	0.7042246774918053	0.0	2.676789873957082	0.0	0.0	1.9989166726943117	0.0	0.0
P441-PWY: superpathway of N-acetylneuraminate degradation	0.0	NaN	0.6585603507785229	0.0	0.0	0.0	0.0	NaN	0.0	0.0	0.6217770298510126	0.34120585255490227	0.0	1.2696023636187284	0.0	0.0	0.0	0.0	NaN
P461-PWY: hexitol fermentation to lactate, formate, ethanol and acetate	0.0	NaN	0.30362597236002514	0.0	0.0	0.0	0.0	NaN	0.0	0.0	0.14666132493275277	0.22059812312241267	0.0	0.4533040446479021	0.0	0.0	3.216663025937473	0.0	NaN
P562-PWY: myo-inositol degradation I	NaN	NaN	0.0	0.0	NaN	0.0	NaN	NaN	NaN	NaN	NaN	0.0	0.0	NaN	NaN	0.0	NaN	NaN	NaN
P621-PWY: nylon-6 oligomer degradation	0.0	NaN	0.0	0.0	0.0	0.0	NaN	NaN	NaN	NaN	NaN	0.0	NaN	NaN	NaN	0.0	NaN	0.0	NaN
PANTO-PWY: phosphopantothenate biosynthesis I	0.0	0.0	1.4146421332109171	0.0	0.0	0.47547295564468856	1.223123713904384	0.49420614383608175	0.6947196515019443	0.0	0.7061780927137984	0.44489600528220674	0.0	0.7873092476492365	0.41262991638206975	0.0	0.19756058247136002	0.0	0.0035443699421607647
PANTOSYN-PWY: superpathway of coenzyme A biosynthesis I (bacteria)	0.0	0.0	2.0078774409912925	0.0	0.0	0.5195055165654604	0.9281838485122047	0.599848182480995	0.8950288545879022	0.0	0.7662769513696547	0.5505557844542455	0.0	0.7462325782224333	0.585751140916494	0.0	0.34308149490138257	0.0	0.00502762243883781
PENTOSE-P-PWY: pentose phosphate pathway	0.0	217.21343793729184	2.1450577690849544	0.0	0.0	1.1676153505289675	1.7974413264265343	3.5308381427933044	2.294668359660338	46.430853142703015	0.8526158737369308	2.287490000680882	0.0	1.7871469517048453	5.178367706554521	3.4687370043985037	1.4542059385611779	0.0	0.0
PEPTIDOGLYCANSYN-PWY: peptidoglycan biosynthesis I (meso-diaminopimelate containing)	0.0	0.0	0.9749734375442833	0.0	0.0	0.21343084067906493	0.4492555185334763	0.2274568542360882	0.5051231015630777	0.0	0.6007868940395243	0.5511427904295947	0.0	0.3755649518749816	0.6653465961489613	0.0	0.7200745299628111	0.0	1.216936648085288
PHOSLIPSYN-PWY: superpathway of phospholipid biosynthesis I (bacteria)	0.0	NaN	0.4348355884397956	0.0	0.0	1.2788379910471732	1.1941288936024446	NaN	0.0	0.0	1.000262691606678	0.8690043258617768	0.0	0.7258723466228373	1.9673741477158104	0.0	0.938643082848822	0.0	1.5340779885728009
POLYAMINSYN3-PWY: superpathway of polyamine biosynthesis II	0.0	NaN	NaN	NaN	0.0	NaN	0.0	NaN	NaN	0.0	NaN	NaN	0.0	0.0	0.0	0.0	0.0	0.0	NaN
POLYAMSYN-PWY: superpathway of polyamine biosynthesis I	0.0	NaN	0.21748894986982176	0.0	0.0	0.0	0.8112778746466155	NaN	0.0	0.0	0.0	0.29864369143263725	0.0	0.41703893552010174	0.0	0.0	0.0	0.0	0.0
POLYISOPRENSYN-PWY: polyisoprenoid biosynthesis (E. coli)	0.0	NaN	0.31570064118839974	0.0	0.0	1.1645677400579153	0.0	NaN	0.0	0.0	0.8296003515386824	1.1638205170730493	0.0	1.235566008823594	0.0	0.0	1.592224307034558	0.0	1.18369037376568
PPGPPMET-PWY: ppGpp metabolism	0.0	NaN	0.38723895049531093	0.0	0.0	2.3141643886712373	0.0	NaN	0.0	0.0	1.3809991988689527	1.261106179381657	0.0	0.8730812900484501	0.0	0.0	0.0	0.0	NaN
PROPFERM-PWY: superpathway of L-alanine fermentation (Stickland reaction)	0.0	NaN	NaN	NaN	0.0	NaN	0.0	NaN	0.0	NaN	NaN	NaN	NaN	NaN	0.0	0.0	0.0	0.0	NaN
PROTOCATECHUATE-ORTHO-CLEAVAGE-PWY: protocatechuate degradation II (ortho-cleavage pathway)	NaN	NaN	NaN	NaN	NaN	0.0	0.0	NaN	NaN	NaN	NaN	0.8293114348152489	NaN	NaN	NaN	0.0	0.0	0.0	NaN
PRPP-PWY: superpathway of histidine, purine, and pyrimidine biosynthesis	0.0	NaN	0.0	0.0	0.0	0.0	NaN	NaN	NaN	NaN	0.5335934143966998	0.2656810470124795	0.0	0.0	NaN	0.0	0.0	NaN	NaN
PWY-1042: glycolysis IV	0.0	461.3301350065066	6.27078054215982	7.4247659348085335	6.210530395932437	1.9952055629633592	2.4793935771250846	6.832823547231573	2.861417626040116	2.327438857704654	2.9236269551109197	3.6676218489019847	17.04466049768533	1.9617552385305133	3.494190325743225	2.785708279110567	2.867151883279421	0.0	0.6235939406824569
PWY-1269: CMP-3-deoxy-D-manno-octulosonate biosynthesis	0.0	0.0	0.4264235960302674	5.838930114919163	0.0	4.385927885293914	2.865532971630704	NaN	2.6710542656645937	0.0	1.4841124206816114	0.9322442540317736	4.397824096304803	0.8636792851457146	4.8711863377799585	0.0	1.4979410787012544	0.0	0.0
PWY-1541: superpathway of taurine degradation	NaN	NaN	NaN	NaN	NaN	NaN	NaN	NaN	NaN	NaN	NaN	0.0	NaN	NaN	NaN	NaN	0.0	NaN	NaN
PWY-1861: formaldehyde assimilation II (assimilatory RuMP Cycle)	0.0	NaN	NaN	0.0	0.0	0.0	0.0	NaN	0.0	0.0	NaN	0.0	NaN	NaN	0.0	0.0	0.0	0.0	NaN
PWY-2221: Entner-Doudoroff pathway III (semi-phosphorylative)	NaN	NaN	NaN	NaN	NaN	NaN	NaN	NaN	NaN	NaN	NaN	0.0	NaN	NaN	NaN	0.0	NaN	NaN	NaN
PWY-241: C4 photosynthetic carbon assimilation cycle, NADP-ME type	0.0	NaN	3.125528539845798	5.616347361008526	0.0	0.0	0.0	0.0	0.0	0.0	NaN	0.4378372691361759	0.0	0.8992539384208801	0.0	1.9310436893290026	0.0	0.0	NaN
PWY-2723: trehalose degradation V	0.0	NaN	0.2567605261998244	0.0	0.0	0.0	0.0	NaN	5.902188478741985	0.0	NaN	1.1668515545159241	0.0	0.5914624906722102	NaN	0.0	0.0	0.0	NaN
PWY-2941: L-lysine biosynthesis II	0.0	NaN	0.23310199925666117	0.0	0.0	0.0	1.2989395815359241	0.29491574155459804	1.0766365514316085	0.0	NaN	0.0	0.0	1.5733150411484509	0.0	0.0	0.0	0.0	NaN
PWY-2942: L-lysine biosynthesis III	0.0	0.0	1.2756665951443051	0.0	0.0	0.0	1.0406223477472507	0.6834423022527887	1.060598128444662	2.4284427444042587	0.6042506794867453	0.6367366963110481	0.0	0.5963604690569043	0.7274002726782045	0.0	0.87932119264831	0.0	0.9871349979457069
PWY-3001: superpathway of L-isoleucine biosynthesis I	0.0	0.0	1.0630195426158628	0.0	0.0	0.9949820478523184	0.5243873030431029	0.4615875713459952	0.7525815038556114	0.0	0.46759885361858156	0.7165853220376691	0.0	0.5670094494721367	1.1727605642858034	0.0	0.33203263733688937	0.0	0.5240806627662857
PWY-3781: aerobic respiration I (cytochrome c)	NaN	NaN	Inf	NaN	NaN	NaN	NaN	NaN	Inf	NaN	NaN	NaN	Inf	NaN	656.1414939352499	NaN	Inf	NaN	NaN
PWY-3841: folate transformations II (plants)	0.0	0.6817098982363623	2.3851723673833547	2.5057291566179223	0.0	0.58432217551666	1.681551368754516	1.3551200346949843	1.3429801340402723	3.5547021226091053	0.8839391425499482	0.8791833889481775	0.0	0.6870577144140835	1.017627846787017	0.0	1.0280821288485245	0.0	0.5857886509023813
PWY-4041: &gamma;-glutamyl cycle	0.0	NaN	1.1078835872281745	2.14427266564921	0.0	4.254165989830902	0.0	NaN	0.0	0.0	0.9575252802307597	1.3420467155943374	15.57707191325526	1.2387474206202937	0.0	6.936283365732494	0.0	0.0	NaN
PWY-4242	0.0	0.0	0.11657915679814687	0.0	0.0	0.17707333411943244	0.6938466858240897	0.5205140574973341	0.7008372339408255	0.0	0.4009515235658805	0.3922945444346971	0.0	0.4608881442628396	1.1338199037944054	0.0	0.2537194141304207	0.0	0.6526311359317944
PWY-4321: L-glutamate degradation IV	NaN	NaN	0.0	0.0	NaN	0.0	NaN	NaN	NaN	NaN	NaN	24.111577762861348	NaN	0.0	NaN	NaN	NaN	NaN	NaN
PWY-4361: S-methyl-5-thio-&alpha;-D-ribose 1-phosphate degradation I	NaN	NaN	NaN	NaN	NaN	NaN	NaN	NaN	NaN	NaN	NaN	0.0	NaN	NaN	NaN	0.0	NaN	NaN	NaN
PWY-4702: phytate degradation I	NaN	NaN	0.2496501140017306	0.0	NaN	0.0	0.0	NaN	NaN	0.0	0.0	0.65676650980256	0.0	0.530860352735032	NaN	0.0	NaN	0.0	0.0
PWY-4722: creatinine degradation II	NaN	NaN	NaN	NaN	0.0	NaN	NaN	NaN	NaN	NaN	NaN	NaN	NaN	NaN	NaN	NaN	NaN	0.0	NaN
PWY-4981: L-proline biosynthesis II (from arginine)	0.0	NaN	3.1513028542367674	0.0	0.0	0.0	2.147501067357402	NaN	0.6327376430305383	0.0	NaN	0.3248730767322962	43.85205966933423	52.12726684657434	0.0	0.0	1.355229231399259	0.0	0.0
PWY-4984: urea cycle	0.0	NaN	579.4152174767927	0.0	0.0	0.0	0.0	NaN	1.335632028534726	0.0	NaN	0.4276117239348253	0.0	0.6195724983679192	0.0	0.0	2.0862933831728476	0.0	NaN
PWY-5005: biotin biosynthesis II	0.0	NaN	NaN	0.0	0.0	0.0	0.0	NaN	0.0	0.0	NaN	0.0	0.0	0.0	0.0	0.0	0.0	0.0	0.6384348353195936
PWY-5022: 4-aminobutanoate degradation V	0.0	NaN	0.0	0.0	0.0	0.0	0.0	NaN	0.0	NaN	NaN	0.0	0.0	0.06824070069416349	0.0	0.0	0.0	0.0	NaN
PWY-5028: L-histidine degradation II	NaN	NaN	NaN	NaN	NaN	0.0	NaN	NaN	NaN	NaN	NaN	0.0	0.0	NaN	NaN	NaN	NaN	NaN	0.0
PWY-5030: L-histidine degradation III	0.0	0.0	590.1096092413063	0.0	0.0	0.0	3.2506775314671588	NaN	3.209687253726538	0.0	NaN	0.0	0.0	0.28135851173550175	0.0	0.0	3.1541043540928175	0.0	NaN
PWY-5083: NAD(P)/NADPH interconversion	0.0	NaN	0.33425139198457626	0.0	0.0	1.3700478655169335	0.0	NaN	0.0	NaN	0.7898914785873226	1.3937529486612752	0.0	1.5268299322538579	0.0	0.0	0.0	NaN	NaN
PWY-5088: L-glutamate degradation VIII (to propanoate)	NaN	NaN	0.0	NaN	NaN	NaN	0.0	NaN	NaN	NaN	NaN	0.0	0.0	0.0	NaN	0.0	NaN	NaN	NaN
PWY-5097: L-lysine biosynthesis VI	0.0	0.0	1.0944766296309576	0.0	0.0	0.0	0.5639184954547248	0.6366624891129973	0.7548855013222759	0.0	0.63853006049414	0.537409666974109	0.0	0.530064749062563	0.9870173695672446	0.0	0.4193639792409466	0.0	0.36645096939432725
PWY-5100: pyruvate fermentation to acetate and lactate II	0.0	NaN	1.6784898183637873	0.0	0.0	0.0	0.343904129311737	NaN	0.3112888806693184	0.0	0.0	0.8096708927242634	0.0	1.6358162105842626	3.2996172988096006	0.0	0.8176178740827234	0.0	0.0127462264549026
PWY-5101: L-isoleucine biosynthesis II	NaN	NaN	NaN	NaN	0.0	NaN	0.0	NaN	NaN	NaN	NaN	NaN	NaN	NaN	NaN	NaN	NaN	NaN	NaN
PWY-5103: L-isoleucine biosynthesis III	0.0	0.3708471591025513	0.2643173824043153	0.0	0.0	0.5038691755037776	0.45112749706226724	0.4097715472495921	1.5071633934687005	0.0	0.25718750883103053	0.8025440968496608	0.0	0.534386857201082	1.7417290354630466	0.0	0.6088466247027187	0.0	1.4164314963845834
PWY-5104: L-isoleucine biosynthesis IV	0.0	NaN	0.3769013834173406	0.0	0.0	1.5060012727072134	1.9322655646243436	NaN	3.545867953581735	0.0	0.4061662754923544	0.24715694486335138	0.0	0.8525229617762137	0.0	0.0	4.169560681520912	0.0	0.0
PWY-5121: superpathway of geranylgeranyl diphosphate biosynthesis II (via MEP)	0.0	NaN	1.126480517524048	0.0	0.0	0.0	1.0299750365976208	NaN	0.0	0.0	0.7624889732530423	1.1574279693208052	0.0	0.7071563191426363	0.0	0.0	1.2432647379442494	0.0	0.005845784556525631
PWY-5154: L-arginine biosynthesis III (via N-acetyl-L-citrulline)	0.0	NaN	0.5325491926936029	0.0	0.0	2.6558812278141626	0.4803157055881694	0.0	0.0	0.0	0.9317201773163788	0.2503818320884318	0.0	0.4514545869267878	0.0	0.0	0.29500515519556264	0.0	NaN
PWY-5173	0.0	NaN	6.161426411086701	72.55924285153331	0.0	2.7300848677195457	30.95204743692025	NaN	0.0	NaN	2.326742328236934	6.301926698746791	418.8314453260887	16.319519506234926	0.0	10.809707474704815	3.7919524349953386	980.8024208107956	Inf
PWY-5178: toluene degradation IV (aerobic) (via catechol)	NaN	NaN	NaN	NaN	NaN	NaN	NaN	NaN	NaN	NaN	NaN	0.0	NaN	NaN	NaN	NaN	NaN	NaN	NaN
PWY-5180: toluene degradation I (aerobic) (via o-cresol)	NaN	NaN	0.0	NaN	NaN	0.0	NaN	NaN	NaN	NaN	NaN	0.0	NaN	NaN	NaN	0.0	NaN	0.0	NaN
PWY-5181: toluene degradation III (aerobic) (via p-cresol)	NaN	NaN	NaN	NaN	NaN	NaN	NaN	NaN	NaN	NaN	NaN	0.0	NaN	NaN	NaN	0.0	NaN	NaN	NaN
PWY-5182: toluene degradation II (aerobic) (via 4-methylcatechol)	NaN	NaN	0.0	NaN	NaN	0.0	NaN	NaN	NaN	NaN	NaN	0.0	NaN	NaN	NaN	0.0	NaN	0.0	NaN
PWY-5188: tetrapyrrole biosynthesis I (from glutamate)	0.0	NaN	0.2087516958989131	0.0	0.0	1.934600871840286	0.5683628345294383	NaN	0.0	0.0	0.9063489411147225	1.280148803940143	0.0	0.9251975518906607	0.0	0.0	0.18448805653744982	0.0	1.4961879343554518
PWY-5189: tetrapyrrole biosynthesis II (from glycine)	NaN	NaN	0.18495656425731682	0.0	0.0	0.0	3.467154005841241	NaN	0.0	NaN	NaN	1.7191701648624584	0.0	0.7929495947784647	0.0	0.0	0.0	0.0	0.007646532897828282
PWY-5265: peptidoglycan biosynthesis II (staphylococci)	0.0	NaN	0.0	0.0	0.0	NaN	NaN	NaN	NaN	NaN	NaN	NaN	NaN	NaN	NaN	NaN	NaN	0.0	NaN
PWY-5304: superpathway of sulfur oxidation (Acidianus ambivalens)	0.0	NaN	NaN	NaN	99.14876828555518	0.0	18.972475709981104	NaN	0.0	27.816459200169398	NaN	0.0	0.0	0.0	0.0	0.0	0.0	0.0	NaN
PWY-5345: superpathway of L-methionine biosynthesis (by sulfhydrylation)	0.0	NaN	0.0	0.0	0.0	0.0	0.0	NaN	0.0	0.0	NaN	0.2029232296794907	0.0	0.5974389553002579	0.0	0.0	0.0	0.0	NaN
PWY-5347: superpathway of L-methionine biosynthesis (transsulfuration)	0.0	NaN	0.125577727404106	0.0	0.0	1.1026903883402883	0.9118211970858856	49.643910700661536	0.0	0.0	0.4572990567736975	0.5348591877916473	0.0	0.27870482834177607	0.0	0.0	0.0	0.0	0.0
PWY-5367: petroselinate biosynthesis	0.0	NaN	0.37600510432918394	0.0	0.0	0.2629660870159299	0.0	NaN	0.0	0.0	0.9039380195601997	1.2427374211754285	0.0	0.7447156757882378	NaN	0.0	NaN	0.0	NaN
PWY-5384: sucrose degradation IV (sucrose phosphorylase)	0.0	NaN	0.0	0.0	0.0	0.0	0.0	NaN	0.0	0.0	NaN	0.17826298255616074	0.0	0.6687593237179038	0.0	0.0	0.0	0.0	NaN
PWY-5392: reductive TCA cycle II	NaN	NaN	NaN	NaN	0.0	NaN	0.0	NaN	0.0	NaN	NaN	NaN	0.0	0.0	NaN	0.0	0.0	NaN	NaN
PWY-5415: catechol degradation I (meta-cleavage pathway)	NaN	NaN	0.0	NaN	NaN	0.0	NaN	NaN	NaN	NaN	NaN	0.0	NaN	NaN	NaN	0.0	NaN	0.0	NaN
PWY-5417: catechol degradation III (ortho-cleavage pathway)	NaN	NaN	NaN	NaN	NaN	NaN	NaN	NaN	NaN	NaN	NaN	0.0	NaN	NaN	NaN	0.0	0.0	NaN	NaN
PWY-5419: catechol degradation to 2-hydroxypentadienoate II	NaN	NaN	NaN	NaN	NaN	0.0	NaN	NaN	NaN	NaN	NaN	NaN	NaN	NaN	NaN	NaN	NaN	NaN	NaN
PWY-5420: catechol degradation II (meta-cleavage pathway)	NaN	NaN	NaN	NaN	NaN	0.0	NaN	NaN	NaN	NaN	NaN	NaN	NaN	NaN	NaN	NaN	NaN	NaN	NaN
PWY-5431: aromatic compounds degradation via &beta;-ketoadipate	NaN	NaN	NaN	NaN	NaN	NaN	NaN	NaN	NaN	NaN	NaN	0.0	NaN	NaN	NaN	0.0	0.0	NaN	NaN
PWY-5464: superpathway of cytosolic glycolysis (plants), pyruvate dehydrogenase and TCA cycle	0.0	NaN	1.404972934144389	0.0	0.0	NaN	0.0	NaN	0.0	NaN	NaN	0.0	NaN	57.51196983174697	0.0	0.0	0.0	0.0	NaN
PWY-5484: glycolysis II (from fructose 6-phosphate)	0.0	61.64475122269454	3.6966105580696675	0.0	0.0	1.67450512743579	6.091584550654573	0.8710050744451666	5.116211112961533	8.763395049185162	2.9409686441456446	4.388145376417734	0.0	2.539640662265915	0.0	4.237411936473247	5.322621033461519	0.0	1.2312753145348878
PWY-5497: purine nucleobases degradation II (anaerobic)	0.0	NaN	0.10768141178925197	0.0	0.0	0.0	0.0	NaN	0.0	0.0	NaN	0.24997549541711758	0.0	0.1866425628314424	0.0	0.0	0.0	0.0	NaN
PWY-5505: L-glutamate and L-glutamine biosynthesis	0.0	0.0	0.0	0.0	0.0	0.0	0.0	NaN	0.0	0.0	NaN	0.0	0.0	0.0	0.0	0.0	0.0	0.0	NaN
PWY-5514: UDP-N-acetyl-D-galactosamine biosynthesis II	NaN	NaN	NaN	NaN	NaN	NaN	NaN	NaN	0.0	NaN	NaN	NaN	NaN	NaN	NaN	NaN	NaN	NaN	NaN
PWY-5654: 2-amino-3-carboxymuconate semialdehyde degradation to 2-hydroxypentadienoate	NaN	NaN	NaN	NaN	NaN	NaN	0.0	NaN	NaN	NaN	NaN	NaN	NaN	NaN	NaN	NaN	0.0	NaN	NaN
PWY-5656: mannosylglycerate biosynthesis I	NaN	NaN	0.16014818404277614	0.0	NaN	0.0	0.0	NaN	NaN	0.0	NaN	0.6464967353029456	0.0	0.4395976327634048	NaN	0.0	NaN	0.0	NaN
PWY-5659: GDP-mannose biosynthesis	0.0	92.14350561111021	0.2724041229767656	0.0	0.0	1.0306057790672698	1.7193362103893062	NaN	1.6495698497338724	0.0	0.534572069336867	0.3206936192319184	0.0	1.3938257322635186	0.0	0.0	1.402529998693499	0.0	0.0
PWY-5667: CDP-diacylglycerol biosynthesis I	0.0	0.0	0.5716134359833002	0.0	4.347975661743345	1.232263707416384	0.688927925251645	0.7173601338927473	0.4833497065621903	0.0	1.2700537578770317	0.9451776424768751	0.0	0.890659199392341	1.2132682750519708	0.0	0.47547795287879213	0.0	0.8552284484394764
PWY-5675: nitrate reduction V (assimilatory)	0.0	NaN	0.07549805676225574	0.0	0.0	0.0	0.0	NaN	NaN	NaN	0.0	0.36970894170553636	0.0	1.2737676321999685	0.0	0.0	0.0	0.0	0.0
PWY-5676: acetyl-CoA fermentation to butanoate II	0.0	NaN	Inf	0.0	0.0	NaN	1.1820932982432477	NaN	1.3084188548187514	0.0	NaN	0.0	0.0	1.0518711475268498	4.256455758756123	0.0	3.745855902442153	0.0	NaN
PWY-5677: succinate fermentation to butanoate	NaN	NaN	NaN	0.0	NaN	NaN	0.0	NaN	0.0	NaN	NaN	0.0	NaN	NaN	NaN	0.0	0.0	0.0	NaN
PWY-5686: UMP biosynthesis I	0.0	0.6994795187803902	1.3545297277790702	0.0	0.0	0.15537497401166475	0.7989527473026383	0.8313509128431118	0.7595119116881698	0.0	0.5020590194976016	0.36276696238985534	0.0	0.24319010900797605	0.7094283525584407	0.0	0.8334866871191604	0.0	0.6414617413207887
PWY-5690: TCA cycle II (plants and fungi)	0.0	NaN	0.43640663190349255	0.0	0.0	0.0	9.011913033511993	NaN	0.0	0.0	NaN	2.1732467287867236	24.417333096306507	5.522579078286899	0.0	14.570701767608462	0.25534250749512627	0.0	0.0
PWY-5692: allantoin degradation to glyoxylate II	NaN	NaN	0.0	0.0	NaN	NaN	0.0	NaN	NaN	NaN	NaN	0.0	NaN	0.0	NaN	0.0	NaN	NaN	NaN
PWY-5695: inosine 5'-phosphate degradation	0.0	0.0	0.9405788111157606	0.0	0.0	1.8904373443500124	0.8916217108289497	0.22653730205251907	1.1156903649797825	0.0	0.8306482318774212	1.1779800025998959	0.0	0.9037196379834376	0.4880585204471804	1.7950152319601422	1.2136879445454163	0.0	1.4690531825159863
PWY-5705: allantoin degradation to glyoxylate III	NaN	NaN	0.0	0.0	NaN	NaN	0.0	NaN	NaN	NaN	NaN	0.4757784811945234	0.0	0.0	NaN	0.0	NaN	NaN	NaN
PWY-5723: Rubisco shunt	NaN	NaN	0.0	0.0	NaN	1.8063817347228277	0.0	NaN	Inf	NaN	1.2730864232967654	1.0909720779024803	0.0	0.7043265263654007	0.0	0.0	3.5834664590188634	0.0	0.0
PWY-5747: 2-methylcitrate cycle II	0.0	NaN	0.0	0.0	NaN	12.007089594465922	0.0	NaN	NaN	NaN	0.8879888113153734	0.41248040454504603	0.0	0.0	NaN	0.0	0.0	0.0	NaN
PWY-5751: phenylethanol biosynthesis	NaN	NaN	NaN	NaN	NaN	NaN	NaN	NaN	NaN	NaN	NaN	0.0	0.0	NaN	NaN	0.0	0.0	NaN	NaN
PWY-5791	NaN	NaN	0.0	0.0	0.0	0.0	0.0	NaN	NaN	NaN	0.35576204819129575	0.7704096397833325	0.0	0.6727251653779655	NaN	0.0	0.0	0.0	NaN
PWY-5837: 2-carboxy-1,4-naphthoquinol biosynthesis	0.0	NaN	0.0	0.0	0.0	0.0	0.0	NaN	0.0	NaN	0.41636931315219367	0.7716672132784969	0.0	0.5196842071052733	NaN	0.0	0.0	0.0	1.3742298670825888
PWY-5838: superpathway of menaquinol-8 biosynthesis I	0.0	NaN	0.0	0.0	0.0	0.0	0.0	NaN	0.0	NaN	0.4948865582017946	0.4960816557122283	0.0	0.47781079173395324	NaN	0.0	0.0	0.0	NaN
PWY-5840: superpathway of menaquinol-7 biosynthesis	0.0	NaN	0.0	0.0	0.0	0.0	0.0	NaN	0.0	NaN	0.4948865582017946	0.5083211098159076	0.0	0.4504531646602253	NaN	0.0	0.0	0.0	NaN
PWY-5845: superpathway of menaquinol-9 biosynthesis	NaN	NaN	0.0	0.0	0.0	0.0	0.0	NaN	0.0	NaN	0.4948865582017946	0.5083211098159076	0.0	0.4504531646602253	NaN	0.0	0.0	0.0	NaN
PWY-5850: superpathway of menaquinol-6 biosynthesis	NaN	NaN	0.0	0.0	0.0	0.0	0.0	NaN	NaN	NaN	0.4948865582017946	0.5083211098159076	0.0	0.4504531646602253	NaN	0.0	0.0	0.0	NaN
PWY-5855: ubiquinol-7 biosynthesis (early decarboxylation)	NaN	NaN	0.0	0.0	NaN	2.854769362377245	0.0	NaN	NaN	NaN	1.1477253852872673	0.8563436316660527	0.0	0.8796064797925964	NaN	0.0	0.0	0.0	NaN
PWY-5856: ubiquinol-9 biosynthesis (early decarboxylation)	NaN	NaN	0.0	0.0	NaN	2.854769362377245	0.0	NaN	NaN	NaN	1.1477253852872673	0.8563436316660527	0.0	0.8796064797925964	NaN	0.0	0.0	0.0	NaN
PWY-5857: ubiquinol-10 biosynthesis (early decarboxylation)	NaN	NaN	0.0	0.0	NaN	2.854769362377245	0.0	NaN	NaN	NaN	1.1477253852872673	0.8563436316660527	0.0	0.8796064797925964	NaN	0.0	0.0	0.0	NaN
PWY-5860: superpathway of demethylmenaquinol-6 biosynthesis I	NaN	NaN	0.0	0.0	0.0	0.0	0.0	NaN	NaN	NaN	0.34646818751058345	0.4489254800848761	0.0	0.4199897734245554	NaN	0.0	0.0	0.0	NaN
PWY-5861: superpathway of demethylmenaquinol-8 biosynthesis I	0.0	NaN	0.0	0.0	0.0	0.0	0.0	NaN	0.0	NaN	0.34646818751058345	0.4307785094024784	0.0	0.4383763549735999	NaN	0.0	0.0	0.0	NaN
PWY-5862: superpathway of demethylmenaquinol-9 biosynthesis	NaN	NaN	0.0	0.0	0.0	0.0	0.0	NaN	0.0	NaN	0.34646818751058345	0.4489254800848761	0.0	0.4199897734245554	NaN	0.0	0.0	0.0	NaN
PWY-5863: superpathway of phylloquinol biosynthesis	NaN	NaN	0.0	0.0	0.0	0.0	0.0	NaN	NaN	NaN	NaN	0.7470521956961969	0.0	0.5973913464466529	NaN	0.0	0.0	0.0	NaN
PWY-5896: superpathway of menaquinol-10 biosynthesis	NaN	NaN	0.0	0.0	0.0	0.0	0.0	NaN	NaN	NaN	0.4948865582017946	0.5083211098159076	0.0	0.4504531646602253	NaN	0.0	0.0	0.0	NaN
PWY-5897: superpathway of menaquinol-11 biosynthesis	0.0	NaN	0.0	0.0	0.0	0.0	0.0	NaN	0.0	NaN	0.5323106470699183	0.5079085541399294	0.0	0.4780219691076053	NaN	0.0	0.0	0.0	0.0
PWY-5898: superpathway of menaquinol-12 biosynthesis	0.0	NaN	0.0	0.0	0.0	0.0	0.0	NaN	0.0	NaN	0.5323106470699183	0.5079085541399294	0.0	0.4780219691076053	NaN	0.0	0.0	0.0	0.0
PWY-5899: superpathway of menaquinol-13 biosynthesis	0.0	NaN	0.0	0.0	0.0	0.0	0.0	NaN	0.0	NaN	0.5323106470699183	0.5079085541399294	0.0	0.4780219691076053	NaN	0.0	0.0	0.0	0.0
PWY-5910: superpathway of geranylgeranyldiphosphate biosynthesis I (via mevalonate)	0.0	NaN	0.0	0.0	0.0	0.0	NaN	NaN	NaN	0.0	NaN	0.0	NaN	NaN	NaN	0.0	NaN	0.0	NaN
PWY-5913: partial TCA cycle (obligate autotrophs)	0.0	0.0	0.9620769516610309	5.87543612186493	0.0	1.4613631922004116	0.0	0.0	0.0	0.0	0.4602194058032809	0.7863640811278355	23.763447103976258	1.254558109464109	0.0	1.9971306763621939	0.0	0.0	0.0
PWY-5918: superpathway of heme b biosynthesis from glutamate	NaN	NaN	0.0	0.0	0.0	0.0	0.0	NaN	0.0	NaN	0.4511679263793278	0.9290080642538177	0.0	0.969323273313756	0.0	0.0	0.0	0.0	0.010525849746469937
PWY-5920: superpathway of heme b biosynthesis from glycine	NaN	NaN	0.0	0.0	NaN	0.0	0.0	NaN	NaN	NaN	NaN	0.0	0.0	0.0	NaN	0.0	0.0	NaN	NaN
PWY-5971: palmitate biosynthesis (type II fatty acid synthase)	0.0	NaN	1.381186285550363	0.0	0.0	2.112651199778593	0.0	NaN	0.0	0.0	1.6140173274909377	2.2982740352843005	0.0	1.3291999260506704	NaN	0.0	NaN	0.0	NaN
PWY-5973: cis-vaccenate biosynthesis	0.0	0.8417850637650051	2.2670430638825643	3.7350287207123	0.0	0.5609823204634117	3.5970965009625573	0.2534968933513032	2.219959793330927	0.0	0.9580228386311876	2.436907911504482	0.0	1.2841346767965545	3.731555678617317	3.621667377946374	1.3693968654239517	0.0	4.3106702361878755
PWY-5989: stearate biosynthesis II (bacteria and plants)	0.0	53.11689275670353	2.0580944356193895	0.0	0.0	2.4756351459043553	0.0	0.0	0.0	0.0	1.5600726862105578	0.9387694251945041	0.0	0.7769959916387813	0.0	4.361880784980174	1.136130946203938	0.0	0.3446462451522324
PWY-5994: palmitate biosynthesis (type I fatty acid synthase)	NaN	NaN	0.0	0.0	NaN	NaN	NaN	NaN	NaN	NaN	NaN	0.0	NaN	0.3433466774986724	NaN	0.0	NaN	0.0	NaN
PWY-6121: 5-aminoimidazole ribonucleotide biosynthesis I	0.0	0.0	0.8981299153248088	0.0	3.9588405922145533	0.49589634297360274	0.4388547562254561	0.2791667483880869	0.962113218832162	0.0	0.9272652043117539	0.895492789437034	0.0	0.35374360063843086	0.631696438404717	2.160825081381656	0.5663628403296733	0.0	1.083451813313822
PWY-6122: 5-aminoimidazole ribonucleotide biosynthesis II	0.0	0.0	1.10911712162083	0.0	4.248385406655548	0.45701963991880157	0.6840616947815451	0.2360655266845105	1.2717860360155646	0.0	0.8243884461963121	0.8263223288453871	0.0	0.3366813416746925	0.8902347519664584	2.139326287208595	0.5300861568135493	0.0	1.0652292404098935
PWY-6123: inosine-5'-phosphate biosynthesis I	0.0	0.21924671174081084	3.052896133304352	0.0	0.0	0.0	1.6755545454741954	0.6438612856636909	2.1947454141027145	4.984082611325718	0.527282657592174	0.7037580315780135	0.0	0.6063946743193704	2.2698627015174995	1.032415044989217	1.583994109383574	0.0	0.9586344525418176
PWY-6124: inosine-5'-phosphate biosynthesis II	0.0	0.23006250553141683	3.4871912054355003	0.0	0.0	0.0	2.284880390782797	0.6992482659939426	2.1150067867842184	4.493609086643545	0.5278864094277482	0.7828586620099162	0.0	0.664504134952428	2.362380839834519	1.927555067165245	1.4935863920164996	0.0	1.00764713072289
PWY-6125: superpathway of guanosine nucleotides de novo biosynthesis II	0.0	1.0018877642709443	2.6874618500036584	3.0952771199654	0.0	2.583603536993054	3.890189832006869	0.6608986093743326	3.190208411325836	0.0	1.8638028206636537	2.584686735908078	0.0	3.5711543819547544	1.7373422206512188	0.0	4.088853780752177	0.0	1.425978054236255
PWY-6126: superpathway of adenosine nucleotides de novo biosynthesis II	0.0	1.707083248810294	4.837135514629634	0.0	0.0	1.7569730868514883	4.59972813892233	1.569247617203777	3.2228229900898056	0.0	2.363156210853264	2.927505872969131	0.0	2.0031730623662023	1.3506559675101433	0.0	4.482105299895357	0.0	1.2195787390350825
PWY-6138: CMP-N-acetylneuraminate biosynthesis I (eukaryotes)	NaN	NaN	NaN	0.0	NaN	NaN	NaN	NaN	NaN	NaN	NaN	NaN	NaN	NaN	NaN	NaN	NaN	NaN	NaN
PWY-6143: CMP-pseudaminate biosynthesis	NaN	NaN	NaN	NaN	NaN	NaN	0.0	NaN	0.0	NaN	NaN	NaN	NaN	NaN	0.0	NaN	NaN	NaN	NaN
PWY-6145: superpathway of CMP-sialic acids biosynthesis	NaN	NaN	NaN	0.0	NaN	NaN	0.0	NaN	NaN	NaN	NaN	NaN	NaN	0.0	NaN	NaN	0.0	NaN	NaN
PWY-6147: 6-hydroxymethyl-dihydropterin diphosphate biosynthesis I	0.0	0.0	1.4351998020203665	0.0	0.0	0.0	0.5887104390471062	0.28148621274705315	0.42691724193011027	0.0	NaN	0.8119391261744718	0.0	0.4789864437032294	0.0	0.0	0.7692276274973523	0.0	0.0
PWY-6151: S-adenosyl-L-methionine salvage I	0.0	Inf	0.4902291156237885	0.0	0.0	0.8757662590787173	0.3796519942603372	0.5864690275111335	0.14960206296764314	1.8641946368319753	1.9393058570355266	1.8630972229639402	0.0	0.6921291144600967	1.0335228562079193	4.222758762346771	1.2470140611781118	0.0	0.014379426196415624
PWY-6163: chorismate biosynthesis from 3-dehydroquinate	0.0	0.0	0.7603082010921349	0.0	0.0	1.3744715021712808	0.4234951726244825	0.0	0.47300039322599885	0.0	0.6989465682268031	0.6908353224536138	0.0	0.41196221370174063	0.4813677870939825	0.0	0.7810261275367508	0.0	NaN
PWY-6167: flavin biosynthesis II (archaea)	NaN	NaN	NaN	NaN	NaN	NaN	0.0	NaN	NaN	NaN	NaN	NaN	NaN	NaN	NaN	NaN	NaN	NaN	NaN
PWY-6168: flavin biosynthesis III (fungi)	0.0	0.0	2.163813231181835	0.0	0.0	1.7350271263289412	0.30844921013069365	0.34300411268132674	0.374309370008887	0.0	2.6795845899827015	0.7767311557284371	0.0	0.5959091772638271	0.0	0.0	0.557889437306186	0.0	1.224510447408613
PWY-6182: superpathway of salicylate degradation	NaN	NaN	NaN	NaN	NaN	NaN	NaN	NaN	NaN	NaN	NaN	0.0	NaN	NaN	NaN	0.0	NaN	NaN	NaN
PWY-6185: 4-methylcatechol degradation (ortho cleavage)	NaN	NaN	NaN	NaN	NaN	NaN	NaN	NaN	NaN	NaN	NaN	0.0	NaN	NaN	NaN	0.0	NaN	NaN	NaN
PWY-6210: 2-aminophenol degradation	NaN	NaN	NaN	NaN	NaN	NaN	0.0	NaN	NaN	NaN	NaN	NaN	NaN	NaN	NaN	NaN	0.0	NaN	NaN
PWY-6215: 4-chlorobenzoate degradation	NaN	NaN	0.0	NaN	NaN	NaN	NaN	NaN	NaN	NaN	NaN	0.0	NaN	NaN	NaN	0.0	NaN	NaN	NaN
PWY-622: starch biosynthesis	NaN	NaN	0.0	0.0	0.0	NaN	0.0	NaN	0.0	NaN	NaN	0.6490593566085539	NaN	NaN	NaN	0.0	0.0	0.0	NaN
PWY-6263: superpathway of menaquinol-8 biosynthesis II	NaN	NaN	NaN	NaN	0.0	NaN	0.0	NaN	0.0	NaN	NaN	0.0	NaN	0.0	0.0	NaN	0.0	0.0	NaN
PWY-6270: isoprene biosynthesis I	0.0	0.0	2.101766034080127	0.0	0.0	0.0	0.0	0.19832949566659022	0.0	0.0	0.773324546179113	0.557446788526087	0.0	0.5352685266644412	0.0	0.0	1.3338166140628067	0.0	0.0
PWY-6277: superpathway of 5-aminoimidazole ribonucleotide biosynthesis	0.0	0.0	1.10911712162083	0.0	4.248385406655548	0.45701963991880157	0.6840616947815451	0.2360655266845105	1.2717860360155646	0.0	0.8243884461963121	0.8263223288453871	0.0	0.3366813416746925	0.8902347519664584	2.139326287208595	0.5300861568135493	0.0	1.0652292404098935
PWY-6281: L-selenocysteine biosynthesis II (archaea and eukaryotes)	NaN	NaN	NaN	NaN	NaN	NaN	NaN	NaN	0.0	NaN	NaN	NaN	NaN	NaN	NaN	NaN	NaN	NaN	NaN
PWY-6282: palmitoleate biosynthesis I (from (5Z)-dodec-5-enoate)	0.0	54.53026287954856	1.5898450916654767	3.9642179053714712	0.0	2.2835871578377205	0.0	0.0	0.0	0.0	1.545368406508878	2.5194859387223163	0.0	1.4776294617572914	0.0	9.03249572172392	1.1989536110013372	0.0	2.3387782652956
PWY-6284: superpathway of unsaturated fatty acids biosynthesis (E. coli)	0.0	NaN	0.5229627062705013	0.0	0.0	0.9880787426224729	0.0	NaN	0.0	0.0	1.3671009557238847	1.633659258177167	0.0	1.0215231127675723	NaN	0.0	NaN	0.0	NaN
PWY-6285: superpathway of fatty acids biosynthesis (E. coli)	0.0	NaN	0.0	0.0	0.0	1.3467584261436978	0.0	NaN	NaN	NaN	1.4199756989115715	1.8149202054310505	0.0	1.0970052886896275	NaN	0.0	NaN	NaN	NaN
PWY-6305: superpathway of putrescine biosynthesis	0.0	NaN	0.901162618817224	0.0	0.0	2.1180279949354595	3.1418900594450543	0.0	0.9452217391320512	0.0	1.2233997237932486	1.1569190547422754	0.0	0.5338133271648311	0.0	0.0	0.0	0.0	Inf
PWY-6317: D-galactose degradation I (Leloir pathway)	0.0	NaN	1.8931642255808658	0.0	0.0	0.16189297794618043	0.0	NaN	0.0	0.0	0.36572856987019337	0.3427982452415656	0.0	0.9066735886497009	0.995958368756751	0.0	0.0	0.0	NaN
PWY-6318: L-phenylalanine degradation IV (mammalian, via side chain)	NaN	NaN	NaN	0.0	NaN	0.0	0.0	NaN	NaN	NaN	NaN	0.0	0.0	NaN	NaN	NaN	NaN	0.0	NaN
PWY-6349: CDP-archaeol biosynthesis	NaN	NaN	NaN	NaN	0.0	NaN	0.0	NaN	NaN	NaN	NaN	NaN	NaN	NaN	NaN	NaN	NaN	NaN	NaN
PWY-6350: archaetidylinositol biosynthesis	NaN	NaN	NaN	NaN	0.0	NaN	0.0	NaN	NaN	NaN	NaN	NaN	NaN	NaN	NaN	NaN	NaN	NaN	NaN
PWY-6353: purine nucleotides degradation II (aerobic)	0.0	NaN	0.22275816784724412	0.0	0.0	0.0	0.0	NaN	0.0	0.0	0.0	0.34254169946997803	0.0	0.24239775994667295	1.515270135033656	0.0	0.0	0.0	0.0
PWY-6385: peptidoglycan biosynthesis III (mycobacteria)	0.0	0.0	1.0100472526632265	0.0	0.0	0.22783163550277452	0.5006738113024389	0.33984765607931705	0.5138545710153272	0.0	0.6217116567612604	0.6022836594880014	0.0	0.3845508211307206	0.6439324869187858	0.0	0.7081606901905687	0.0	1.0717873650887375
PWY-6386: UDP-N-acetylmuramoyl-pentapeptide biosynthesis II (lysine-containing)	0.0	0.0	0.7998385817886663	0.0	0.0	0.2470951475570894	0.4111815898099269	0.2440928383201013	0.4795192766876389	0.0	0.6343350589386337	0.6127818264253454	0.0	0.38201164171071866	0.6184217219886978	0.0	0.7523929336200655	0.0	1.3913947250914818
PWY-6387: UDP-N-acetylmuramoyl-pentapeptide biosynthesis I (meso-diaminopimelate containing)	0.0	0.0	0.9649219057985562	0.0	0.0	0.23651954214419582	0.517082497954366	0.31261330593057507	0.5294922567613087	0.0	0.6296211055275397	0.642419298034321	0.0	0.4143189385878757	0.728766653892998	0.0	0.7123711377885009	0.0	1.2583438957823956
PWY-6396: superpathway of 2,3-butanediol biosynthesis	NaN	NaN	0.0	0.0	NaN	NaN	NaN	NaN	NaN	NaN	NaN	0.0	NaN	NaN	NaN	0.0	NaN	0.0	NaN
PWY-6470: peptidoglycan biosynthesis V (&beta;-lactam resistance)	0.0	NaN	0.0	0.0	0.0	0.0	0.0	NaN	0.0	0.0	NaN	0.0	0.0	2.6320984881864935	0.0	0.0	0.0	0.0	NaN
PWY-6471: peptidoglycan biosynthesis IV (Enterococcus faecium)	0.0	NaN	0.0	0.0	0.0	0.0	0.0	NaN	0.0	0.0	NaN	1.1987512687963011	0.0	2.0294270723221923	0.0	0.0	0.0	0.0	NaN
PWY-6478: GDP-D-glycero-&alpha;-D-manno-heptose biosynthesis	NaN	0.0	NaN	NaN	NaN	NaN	NaN	NaN	0.0	NaN	NaN	0.0	NaN	0.0	NaN	0.0	0.0	0.0	NaN
PWY-6507: 4-deoxy-L-threo-hex-4-enopyranuronate degradation	0.0	NaN	0.17902767317386117	0.0	0.0	1.055764140365755	0.0	NaN	0.0	0.0	0.5006412557188671	0.35064863079502345	0.0	1.3357620245037125	0.0	0.0	0.48270701007032113	0.0	0.0
PWY-6519: 8-amino-7-oxononanoate biosynthesis I	0.0	0.0	1.1947858091125372	0.0	0.0	0.0	0.0	0.0	0.0	0.0	0.26993572199681665	0.2715836634784515	0.0	0.5914369552225679	0.0	0.0	1.09538133954434	0.0	Inf
PWY-6527: stachyose degradation	0.0	NaN	1.2794900390734578	2.8663944832186194	0.0	0.0	0.0	NaN	0.11688166773938118	0.0	0.18870084525220301	0.32355990490212755	0.0	1.0019385308406654	0.7053672063395341	0.0	0.0	0.0	NaN
PWY-6531: mannitol cycle	NaN	NaN	0.0	0.0	0.0	0.0	0.0	NaN	0.0	0.0	0.0	0.17953508897245468	0.0	0.48058231493008374	0.0	0.0	0.0	0.0	NaN
PWY-6545: pyrimidine deoxyribonucleotides de novo biosynthesis III	0.0	NaN	0.0	0.0	0.0	0.0	0.0	NaN	0.0	0.0	0.0	0.0	0.0	0.330469688182738	0.0	0.0	0.0	0.0	NaN
PWY-6549: L-glutamine biosynthesis III	0.0	NaN	0.0	0.0	0.0	0.0	0.0	NaN	0.0	0.0	NaN	0.0	0.0	0.0	0.0	0.0	0.0	0.0	NaN
PWY-6562: norspermidine biosynthesis	NaN	NaN	NaN	0.0	0.0	0.0	NaN	NaN	NaN	NaN	NaN	NaN	NaN	NaN	NaN	0.0	0.0	0.0	NaN
PWY-6565: superpathway of polyamine biosynthesis III	NaN	NaN	NaN	NaN	NaN	0.0	NaN	NaN	NaN	NaN	NaN	NaN	NaN	NaN	NaN	NaN	NaN	NaN	NaN
PWY-6572: chondroitin sulfate degradation I (bacterial)	NaN	0.0	NaN	NaN	NaN	NaN	0.0	NaN	0.0	NaN	NaN	0.0	NaN	0.0	NaN	0.0	0.0	0.0	NaN
PWY-6588: pyruvate fermentation to acetone	0.0	NaN	0.0	0.0	0.0	NaN	2.2875845881185195	NaN	0.0	NaN	NaN	0.07520226012246975	0.0	96.56613110071395	0.0	0.0	7.734192984722093	0.0	NaN
PWY-6590: superpathway of Clostridium acetobutylicum acidogenic fermentation	0.0	NaN	0.0	0.0	0.0	NaN	0.0	NaN	0.0	0.0	NaN	0.0	NaN	0.0	0.0	0.0	4.420437906939124	0.0	NaN
PWY-6595: superpathway of guanosine nucleotides degradation (plants)	NaN	NaN	0.0	0.0	0.0	0.0	0.0	NaN	0.0	0.0	NaN	0.0	0.0	0.0	0.0	0.0	0.0	0.0	NaN
PWY-6606: guanosine nucleotides degradation II	0.0	NaN	0.1913663512753062	0.0	0.0	0.0	0.0	NaN	0.0	0.0	NaN	0.08564456307191506	0.0	0.0	1.812311406416504	0.0	0.0	0.0	0.6890132717300492
PWY-6608: guanosine nucleotides degradation III	0.0	NaN	0.1325003120577482	0.0	0.0	0.0	0.30891181476542584	NaN	7.910699260254148	0.0	0.0	0.19839362593836626	0.0	0.10671275963793293	1.4255420962397871	0.0	0.0	0.0	0.6890132717300492
PWY-6609: adenine and adenosine salvage III	0.0	0.0	1.2067541151609942	4.069409411156233	0.0	1.2510613145223302	0.5900438843103312	0.29972549922291	0.8750177647554798	5.497150835437371	2.190294014050626	1.1044354740985032	0.0	0.6275575954644996	1.037066714058535	0.0	2.4105141311160305	5.845163924704204	0.0
PWY-6612: superpathway of tetrahydrofolate biosynthesis	0.0	NaN	0.0	0.0	0.0	0.0	0.0	NaN	0.0	NaN	NaN	0.47556954531711304	0.0	0.8768265796484958	0.0	0.0	0.0	0.0	NaN
PWY-6630: superpathway of L-tyrosine biosynthesis	NaN	NaN	0.0	0.0	NaN	NaN	0.0	NaN	NaN	NaN	NaN	0.9717887267562569	0.0	0.48287194222399415	NaN	0.0	NaN	0.0	NaN
PWY-6690: cinnamate and 3-hydroxycinnamate degradation to 2-hydroxypentadienoate	NaN	NaN	0.0	0.0	NaN	0.0	0.0	NaN	NaN	NaN	0.036291785211596435	0.0	0.0	20.93216089640668	0.0	0.0	0.0	NaN	NaN
PWY-6700: queuosine biosynthesis I (de novo)	0.0	0.2448477989024317	0.9162381538811948	0.0	0.0	0.7539170863073344	0.910834482848272	0.3325555059252972	0.1673311701371393	0.0	1.0402479636040325	0.44304113535620465	0.0	0.26908692473288004	0.0	0.0	1.1307530922643254	0.0	0.48043476782281114
PWY-6703: preQ0 biosynthesis	0.0	0.0	1.9630118950061606	0.0	0.0	3.752546581002728	0.6197375288715566	0.41917109246313167	0.6759527454786058	0.0	1.4663425852412033	0.34165934398014214	0.0	0.34558932529248426	0.0	1.112926949881463	0.4968544792249143	0.0	0.38735673446794494
PWY-6708: ubiquinol-8 biosynthesis (early decarboxylation)	NaN	NaN	0.0	0.0	NaN	2.854769362377245	0.0	NaN	NaN	NaN	1.1477253852872673	0.9021403911938324	0.0	0.8796064797925964	NaN	0.0	0.0	0.0	NaN
PWY-6731: starch degradation III	0.0	NaN	0.2210754516430203	0.0	0.0	0.0	0.0	NaN	3.806344821565652	0.0	NaN	0.036967805680228616	0.0	0.5885784445861267	NaN	0.0	0.0	0.0	NaN
PWY-6737: starch degradation V	0.0	0.0	1.3110677122216496	0.0	0.0	0.7050257455825428	0.6270109361349347	NaN	0.35376450541761134	0.8798845527533895	0.40156999562031176	0.9086962099464126	0.0	0.34655140832612635	2.3609080333580934	0.0	0.06934021075163246	0.0	0.0
PWY-6749: CMP-legionaminate biosynthesis I	0.0	NaN	NaN	NaN	NaN	NaN	0.0	NaN	0.0	NaN	NaN	0.0	0.0	0.0	NaN	0.0	NaN	0.0	NaN
PWY-6803: phosphatidylcholine acyl editing	NaN	NaN	0.0	0.0	0.0	1.774507798595089	0.0	NaN	0.0	0.0	0.6482847581250902	0.3987829445176515	0.0	0.2702658668559475	NaN	0.0	0.0	0.0	0.7167024364115276
PWY-6823: molybdopterin biosynthesis	NaN	NaN	0.0	0.0	NaN	NaN	0.0	NaN	NaN	NaN	NaN	0.0	0.0	0.5375120677025916	NaN	0.0	NaN	NaN	NaN
PWY-6859: all-trans-farnesol biosynthesis	0.0	NaN	0.8772112874749264	0.0	0.0	0.7832071569999216	0.0	NaN	0.0	0.0	0.6900597624209616	2.079234282535644	0.0	0.8644372328041527	0.0	0.0	2.1232366794499136	0.0	0.0
PWY-6863: pyruvate fermentation to hexanol (engineered)	0.0	NaN	0.0	0.0	0.0	NaN	0.0	NaN	0.0	NaN	NaN	NaN	0.0	0.32561627043752933	0.0	0.0	0.0	0.0	NaN
PWY-6876: isopropanol biosynthesis (engineered)	NaN	NaN	NaN	0.0	NaN	NaN	0.0	NaN	0.0	NaN	NaN	0.0	NaN	NaN	NaN	0.0	NaN	0.0	NaN
PWY-6892: thiazole component of thiamine diphosphate biosynthesis I	0.0	NaN	0.0	0.0	0.0	0.0	0.0	NaN	0.0	0.0	0.043683890652819204	1.276659138607286	0.0	0.028606408354891293	0.0	0.0	0.0	0.0	NaN
PWY-6897: thiamine diphosphate salvage II	0.0	NaN	0.47357014384703383	0.0	0.0	0.0	1.1289678676755581	NaN	0.0	0.0	0.12141294046010465	0.7143154895152257	0.0	0.09783760703084965	0.0	0.0	0.7285227520959436	0.0	0.0
PWY-6901: superpathway of glucose and xylose degradation	0.0	NaN	1.2300854553130665	0.0	0.0	0.6850117816692151	0.0	NaN	0.0	0.0	0.7072519336000334	0.7343838308976496	0.0	1.6194977019820165	0.0	0.0	0.0	0.0	NaN
PWY-6906: chitin derivatives degradation	NaN	NaN	NaN	NaN	NaN	NaN	NaN	NaN	0.0	NaN	NaN	NaN	NaN	NaN	NaN	NaN	NaN	NaN	NaN
PWY-6936: seleno-amino acid biosynthesis (plants)	0.0	NaN	0.11254293955068234	0.0	0.0	0.0	0.6935265232857967	0.11300173822518907	0.0	0.0	0.3188761541217611	1.0784926543828586	0.0	0.16008235398027523	0.0	7.394197024295763	0.0	0.0	0.13429106599020915
PWY-6953: dTDP-3-acetamido-&alpha;-D-fucose biosynthesis	NaN	NaN	NaN	0.0	NaN	0.0	0.0	NaN	0.0	NaN	NaN	NaN	NaN	NaN	NaN	NaN	NaN	NaN	NaN
PWY-6969: TCA cycle V (2-oxoglutarate synthase)	0.0	NaN	0.0	0.0	0.0	0.0	0.0	NaN	0.0	0.0	NaN	2.2935666503491046	0.0	3.3983082784848877	0.0	15.451641258199206	0.4243236014172654	0.0	NaN
PWY-7003: glycerol degradation to butanol	0.0	NaN	0.0	0.0	0.0	NaN	0.0	NaN	0.0	NaN	NaN	0.0	0.0	NaN	0.0	0.0	0.0	0.0	NaN
PWY-7013: (S)-propane-1,2-diol degradation	NaN	NaN	1.130024382375132	0.0	0.0	0.0	0.0	NaN	5.377408152371046	NaN	0.07200405209961414	0.0	0.0	10.920644387661126	25.94547289899243	0.0	40.56788737278169	0.0	NaN
PWY-7039: phosphatidate metabolism, as a signaling molecule	NaN	NaN	0.0	0.0	NaN	NaN	NaN	NaN	NaN	NaN	NaN	0.0	NaN	NaN	NaN	NaN	NaN	NaN	NaN
PWY-7094: fatty acid salvage	NaN	NaN	0.0	0.0	NaN	14.052036475805872	0.0	NaN	NaN	NaN	1.3622332837546132	0.6269650270064622	NaN	0.0	NaN	0.0	0.0	0.0	NaN
PWY-7111: pyruvate fermentation to isobutanol (engineered)	0.0	0.3119404265670015	0.8628584427051812	0.0	0.0	0.6311085770661	1.0879670527775978	0.34394696392138957	0.9362570589972689	3.6369998663169807	0.30049302076338796	1.45702571754558	1.8161406638259654	0.7223819350543552	3.646616490260499	4.127149460957113	0.7277970324712619	0.0	1.3631646583190147
PWY-7115: C4 photosynthetic carbon assimilation cycle, NAD-ME type	0.0	NaN	0.4887779523964186	0.0	0.0	1.9483473390221346	0.0	NaN	0.0	0.0	0.5792456474584043	1.1084843831739437	0.0	1.552371353306569	0.0	0.0	0.0	0.0	NaN
PWY-7117: C4 photosynthetic carbon assimilation cycle, PEPCK type	0.0	NaN	1.197446503772202	4.2456322804936715	0.0	1.5616557040423154	0.0	0.0	0.0	0.0	0.5633035950443336	0.8625432435346243	21.777928801882904	0.9245309058828972	0.0	1.7334889033307157	0.0	0.0	NaN
PWY-7118: chitin deacetylation	NaN	NaN	NaN	NaN	NaN	NaN	NaN	NaN	NaN	NaN	NaN	0.0	NaN	NaN	NaN	NaN	NaN	NaN	NaN
PWY-7165: L-ascorbate biosynthesis VIII (engineered pathway)	NaN	NaN	NaN	NaN	NaN	0.0	NaN	NaN	NaN	NaN	NaN	0.0	0.0	NaN	NaN	0.0	0.0	NaN	NaN
PWY-7184: pyrimidine deoxyribonucleotides de novo biosynthesis I	0.0	NaN	0.0	0.0	0.0	0.0	0.0	NaN	0.0	0.0	0.9731013279743042	1.0338059537771322	0.0	0.5231581810651296	0.0	0.0	0.0	0.0	0.0
PWY-7187: pyrimidine deoxyribonucleotides de novo biosynthesis II	0.0	NaN	0.0	0.0	0.0	2.831502111079733	NaN	NaN	NaN	NaN	1.3497717240215872	0.9864857672930124	0.0	2.5135755607919252	NaN	0.0	0.0	NaN	NaN
PWY-7196: superpathway of pyrimidine ribonucleosides salvage	NaN	NaN	NaN	0.0	NaN	NaN	NaN	NaN	0.0	NaN	NaN	NaN	NaN	NaN	NaN	0.0	0.0	0.0	NaN
PWY-7197: pyrimidine deoxyribonucleotide phosphorylation	0.0	0.0	0.6055824346264395	0.0	0.0	1.706915303868357	3.6806776682851243	0.0	1.6685091729992494	0.0	2.320284306974725	1.5813950168436477	0.0	2.9592576745501877	1.6261339691251084	0.0	1.7390788493345204	0.0	2.261135021819287
PWY-7198: pyrimidine deoxyribonucleotides de novo biosynthesis IV	0.0	NaN	0.0	0.0	0.0	0.0	0.0	NaN	1.7102881758796944	0.0	0.0	0.0	0.0	0.8226099580624082	0.0	0.0	0.0	0.0	NaN
PWY-7199: pyrimidine deoxyribonucleosides salvage	0.0	0.0	0.5641337317395734	0.0	0.0	0.9918084490456913	0.0	1.0892775729524435	0.6978244860089242	0.0	0.5542181018556483	0.12388824598936529	0.0	0.3686538427719183	0.659343213590343	0.0	1.3852851639169443	0.0	0.0
PWY-7200: superpathway of pyrimidine deoxyribonucleoside salvage	NaN	NaN	NaN	NaN	NaN	0.0	0.0	NaN	0.0	NaN	NaN	NaN	NaN	NaN	0.0	NaN	0.0	NaN	NaN
PWY-7204: pyridoxal 5'-phosphate salvage II (plants)	NaN	NaN	0.0	0.0	NaN	NaN	0.0	NaN	NaN	NaN	NaN	0.2956099516021539	0.0	0.4005226172272379	NaN	0.0	0.0	0.0	0.0
PWY-7208: superpathway of pyrimidine nucleobases salvage	0.0	0.0	2.5286016328663554	0.0	0.0	1.4832729535471056	3.0939128288761744	0.5663555334533925	2.3457640395862778	0.0	2.8640893172762567	1.7109932408441146	0.0	1.843573752349051	4.428946498191107	0.0	4.42642552855272	0.0	2.528327480224984
PWY-7209: superpathway of pyrimidine ribonucleosides degradation	NaN	NaN	0.0	0.0	0.0	NaN	0.0	NaN	0.0	0.0	NaN	0.0	NaN	0.0	NaN	0.0	0.0	0.0	NaN
PWY-7210: pyrimidine deoxyribonucleotides biosynthesis from CTP	0.0	NaN	0.0	0.0	0.0	0.0	0.0	NaN	0.0	0.0	0.0	0.0	0.0	0.868143570714073	0.0	0.0	0.0	0.0	NaN
PWY-7211: superpathway of pyrimidine deoxyribonucleotides de novo biosynthesis	0.0	NaN	0.0	0.0	0.0	0.0	0.0	NaN	0.0	0.0	0.0	0.0	0.0	0.32505754109162077	0.0	0.0	0.0	0.0	NaN
PWY-7219: adenosine ribonucleotides de novo biosynthesis	0.0	2.0601579193364463	5.480419577157238	4.392835605632653	8.914564969536247	1.2499132632571885	2.0126490012444895	1.4679508022878351	1.7181814935655817	3.4317419896103285	3.688448903075666	2.467409373349848	0.0	1.5213251382250406	1.8642893685116864	3.289667938199755	2.606957335984892	0.0	2.0716599064349475
PWY-7220: adenosine deoxyribonucleotides de novo biosynthesis II	0.0	6.248255171340633	4.555618508484127	6.6200365404350014	0.0	4.5035647194077155	6.800108145418938	3.4341085301542336	4.540731195962686	0.0	2.793241198766467	3.1412371059640862	0.0	11.310936296102048	1.2706445653281129	0.0	5.036562517632542	150.4246025024608	4.175071433832251
PWY-7221: guanosine ribonucleotides de novo biosynthesis	0.0	1.2791699657874596	3.9479336455065517	3.3505766787460063	8.290397296285697	1.887703944287716	1.7395317849005905	0.9617442883550043	2.128082124222496	1.6189119466780593	1.5385134962628764	1.3731157052176186	2.4856436089333096	1.5585978725548038	1.865219538249537	0.0	0.846925498145501	0.0	1.744994360488898
PWY-7222: guanosine deoxyribonucleotides de novo biosynthesis II	0.0	6.248255171340633	4.555618508484127	6.6200365404350014	0.0	4.5035647194077155	6.800108145418938	3.4341085301542336	4.540731195962686	0.0	2.793241198766467	3.1412371059640862	0.0	11.310936296102048	1.2706445653281129	0.0	5.036562517632542	150.4246025024608	4.175071433832251
PWY-7228: superpathway of guanosine nucleotides de novo biosynthesis I	0.0	1.7985104247181243	4.164769393083071	4.673826372608532	22.257665981855034	2.279677080516393	4.371454490667605	1.1956837107544933	3.7627739990897187	0.0	1.9755589464516	2.392583684838658	0.0	3.4734457161043277	3.7689160240168103	0.0	3.681384822768622	0.0	2.0581885272449227
PWY-7229: superpathway of adenosine nucleotides de novo biosynthesis I	0.0	1.4722849054967875	4.5878894480619445	0.0	0.0	1.4726300597483466	3.6390294634318217	1.4408882359756383	2.7639836692963264	0.0	2.1207605791578237	2.7654629832801048	0.0	1.4551404342473528	1.3971644491009771	0.0	3.6157931968586867	0.0	1.0596388240692867
PWY-7234: inosine-5'-phosphate biosynthesis III	0.0	NaN	0.0	0.0	0.0	0.0	1.7179363529140566	NaN	0.4617268459179016	0.0	0.5454239505189217	0.531421610165865	0.0	0.47337879853641157	0.0	0.0	1.3605541555310943	0.0	0.0
PWY-7237: myo-, chiro- and scyllo-inositol degradation	0.0	NaN	0.0	0.0	0.0	0.0	0.0	NaN	0.0	0.0	NaN	0.0	0.0	0.0	0.0	0.0	0.0	0.0	NaN
PWY-7242: D-fructuronate degradation	0.0	NaN	0.9401635908726947	0.0	0.0	0.0	0.5327716503459701	NaN	0.0	0.0	0.09912225940764048	0.3341508107091376	0.0	1.218710679826962	0.0	0.0	0.6099759804375854	0.0	0.0
PWY-7245: superpathway of NAD/NADP - NADH/NADPH interconversion (yeast)	NaN	NaN	NaN	NaN	NaN	NaN	NaN	NaN	NaN	NaN	NaN	NaN	NaN	0.0	NaN	NaN	NaN	NaN	NaN
PWY-724: superpathway of L-lysine, L-threonine and L-methionine biosynthesis II	0.0	NaN	1.3648792045866216	0.0	0.0	0.0	0.4752101947868698	0.36367775309379974	0.21056397140600666	0.0	0.6309877951300841	0.6058529544580322	0.0	0.4377306689281559	0.6633089491881141	0.0	0.0	0.0	0.3611276468629477
PWY-7254: TCA cycle VII (acetate-producers)	0.0	NaN	0.3937053636681943	0.0	0.0	0.0	0.0	NaN	NaN	0.0	NaN	1.561730133483678	0.0	1.9771464361362054	0.0	15.44675065302255	0.0	0.0	0.0
PWY-7268: cytosolic NADPH production (yeast)	NaN	NaN	NaN	NaN	NaN	NaN	NaN	NaN	NaN	NaN	NaN	NaN	NaN	0.0	NaN	NaN	NaN	NaN	NaN
PWY-7269: mitochondrial NADPH production (yeast)	NaN	NaN	0.507525788521784	0.0	NaN	0.0	0.0	NaN	NaN	NaN	0.6312184841195014	0.0	0.0	1.3284362984138598	NaN	0.0	0.0	NaN	NaN
PWY-7270: L-methionine salvage cycle II (plants)	NaN	NaN	NaN	NaN	NaN	NaN	NaN	NaN	NaN	NaN	NaN	0.0	NaN	NaN	NaN	0.0	NaN	NaN	NaN
PWY-7279: aerobic respiration II (cytochrome c) (yeast)	NaN	NaN	Inf	NaN	NaN	NaN	NaN	NaN	NaN	NaN	NaN	NaN	Inf	NaN	667.68884509004	NaN	Inf	NaN	NaN
PWY-7282: 4-amino-2-methyl-5-diphosphomethylpyrimidine biosynthesis II	0.0	NaN	0.0	0.0	0.0	0.41605245880019215	0.6719714182729417	NaN	0.0	0.0	0.2830761051595351	0.6300575636246007	0.0	0.2396445160268884	0.0	0.0	0.7659934426731775	0.0	0.0
PWY-7286: 7-(3-amino-3-carboxypropyl)-wyosine biosynthesis	NaN	NaN	NaN	NaN	NaN	NaN	0.0	NaN	NaN	NaN	NaN	NaN	NaN	NaN	NaN	NaN	NaN	NaN	NaN
PWY-7290: Escherichia coli serotype O86 O-antigen biosynthesis	NaN	NaN	NaN	NaN	NaN	NaN	NaN	NaN	NaN	NaN	NaN	NaN	0.0	NaN	NaN	NaN	NaN	NaN	NaN
PWY-7294: D-xylose degradation IV	NaN	NaN	NaN	0.0	NaN	NaN	0.0	NaN	NaN	NaN	NaN	NaN	NaN	NaN	NaN	NaN	0.0	NaN	NaN
PWY-7312: dTDP-&beta;-D-fucofuranose biosynthesis	0.0	NaN	NaN	0.0	0.0	0.0	NaN	NaN	0.0	NaN	NaN	0.0	NaN	0.0	NaN	NaN	0.0	NaN	NaN
PWY-7315: dTDP-N-acetylthomosamine biosynthesis	NaN	NaN	0.0	0.0	0.0	0.0	10.572495555865451	NaN	0.0	0.0	0.22841993320508797	0.1352683544061385	0.0	0.22195533800990966	0.0	0.0	0.0	0.0	NaN
PWY-7316: dTDP-N-acetylviosamine biosynthesis	NaN	NaN	NaN	NaN	0.0	NaN	0.0	NaN	0.0	NaN	NaN	NaN	NaN	NaN	NaN	NaN	0.0	0.0	NaN
PWY-7323: superpathway of GDP-mannose-derived O-antigen building blocks biosynthesis	0.0	Inf	0.19572410020615016	0.0	0.0	0.0	1.206700261634202	NaN	0.7879535780936562	0.0	0.27061443451789186	0.31995062532130464	0.0	0.8276113752115143	0.0	0.0	1.7321163613577322	0.0	NaN
PWY-7328: superpathway of UDP-glucose-derived O-antigen building blocks biosynthesis	0.0	NaN	14.683195297699402	0.0	0.0	0.0	0.0	NaN	4.736117868911893	0.0	NaN	0.632159912534705	0.0	0.46094065377119164	NaN	0.0	0.0	0.0	NaN
PWY-7332: superpathway of UDP-N-acetylglucosamine-derived O-antigen building blocks biosynthesis	NaN	NaN	0.0	0.0	0.0	NaN	0.0	NaN	0.0	NaN	NaN	0.0	NaN	0.0	NaN	NaN	0.0	0.0	NaN
PWY-7357: thiamine phosphate formation from pyrithiamine and oxythiamine (yeast)	0.0	NaN	0.44007745476426346	0.0	0.0	0.0	0.9130940723702838	NaN	0.0	0.0	0.07574960107090992	0.8299302242410252	0.0	0.06546293758430993	0.0	0.0	0.4768033587986149	0.0	0.0
PWY-7371: 1,4-dihydroxy-6-naphthoate biosynthesis II	NaN	NaN	NaN	NaN	0.0	NaN	0.0	NaN	0.0	NaN	NaN	NaN	NaN	0.0	0.0	NaN	0.0	0.0	NaN
PWY-7383: anaerobic energy metabolism (invertebrates, cytosol)	0.0	NaN	NaN	0.0	0.0	0.0	2.374072401725823	NaN	6.433879176776275	0.0	NaN	0.0	0.0	0.0	3.9617624365948383	0.0	3.44118214810258	0.0	NaN
PWY-7384: anaerobic energy metabolism (invertebrates, mitochondrial)	0.0	NaN	206.0555641989869	0.0	0.0	0.0	0.0	NaN	0.0	NaN	NaN	2.059197279547832	0.0	2.5949041592802926	0.0	0.0	0.0	0.0	0.0
PWY-7385: 1,3-propanediol biosynthesis (engineered)	NaN	NaN	0.6420572944361033	0.0	NaN	NaN	0.0	NaN	0.0	NaN	NaN	0.0	0.0	1.7222899291975118	NaN	0.0	0.0	NaN	NaN
PWY-7388: octanoyl-[acyl-carrier protein] biosynthesis (mitochondria, yeast)	0.0	0.0	1.2455504165054385	0.0	0.0	0.7661297179187303	0.0	0.0	0.0	0.0	1.2277498127586648	2.015321681564138	0.0	1.2862124324958808	0.0	0.0	1.2019399482358408	0.0	2.567893868411747
PWY-7389: superpathway of anaerobic energy metabolism (invertebrates)	0.0	NaN	NaN	0.0	0.0	0.0	0.0	NaN	0.0	NaN	NaN	0.0	0.0	0.0	0.0	0.0	0.0	0.0	NaN
PWY-7391: isoprene biosynthesis II (engineered)	NaN	NaN	0.0	0.0	0.0	NaN	NaN	NaN	NaN	NaN	NaN	NaN	NaN	NaN	NaN	NaN	NaN	NaN	NaN
PWY-7392: taxadiene biosynthesis (engineered)	0.0	NaN	109.25596636863037	0.0	0.0	0.0	0.0	NaN	0.0	0.0	NaN	0.8251469673592396	0.0	0.47816034205094354	0.0	0.0	1.8993764723830495	0.0	0.0
PWY-7399: methylphosphonate degradation II	NaN	NaN	NaN	NaN	NaN	NaN	NaN	NaN	NaN	NaN	NaN	NaN	NaN	NaN	NaN	0.0	NaN	NaN	NaN
PWY-7400: L-arginine biosynthesis IV (archaebacteria)	0.0	NaN	1.1377610226322914	0.0	0.0	2.846548361126875	0.0	0.0	0.0	0.0	1.8919628294069042	0.33477324694274074	0.0	0.8747258038369856	0.0	0.0	0.32460578948164664	0.0	0.0
PWY-7409: phospholipid remodeling (phosphatidylethanolamine, yeast)	NaN	NaN	0.0	NaN	NaN	NaN	NaN	NaN	NaN	NaN	NaN	0.9290934469258643	0.0	0.38523910947074214	NaN	0.0	NaN	NaN	NaN
PWY-7446: sulfoquinovose degradation I	NaN	NaN	0.25258895865594283	0.0	NaN	0.0	0.0	NaN	NaN	NaN	0.05578832437280394	0.0	0.0	0.0	NaN	0.0	0.0	NaN	NaN
PWY-7456: &beta;-(1,4)-mannan degradation	0.0	Inf	0.0	0.0	0.0	NaN	0.0	NaN	0.0	0.0	NaN	0.0	0.0	0.6206063871419597	0.0	0.0	1.2153443536693307	0.0	NaN
PWY-7511: protein ubiquitination	NaN	NaN	NaN	NaN	NaN	NaN	NaN	NaN	Inf	NaN	NaN	NaN	NaN	NaN	NaN	NaN	NaN	NaN	NaN
PWY-7527: L-methionine salvage cycle III	NaN	NaN	NaN	NaN	NaN	NaN	NaN	NaN	NaN	NaN	NaN	0.0	NaN	NaN	NaN	0.0	NaN	NaN	NaN
PWY-7528: L-methionine salvage cycle I (bacteria and plants)	NaN	NaN	NaN	NaN	NaN	NaN	NaN	NaN	NaN	NaN	NaN	0.0	NaN	NaN	NaN	0.0	NaN	NaN	NaN
PWY-7539: 6-hydroxymethyl-dihydropterin diphosphate biosynthesis III (Chlamydia)	0.0	0.0	1.3106098833199393	3.796890511203375	0.0	0.0	0.5877772777921545	0.2549385609417198	0.42127179232327416	0.0	NaN	0.09598628899963062	0.0	0.49392113332670995	0.0	0.0	0.7731332664683972	0.0	0.0
PWY-7560: methylerythritol phosphate pathway II	0.0	0.0	1.4342065380071911	0.0	0.0	0.0	0.5885043540982738	0.25002543617039874	0.0	0.0	0.7357829664026588	0.7686963549236527	0.0	0.6160391125381097	0.0	0.0	1.6337809482959036	0.0	0.0062489498749280555
PWY-7616: methanol oxidation to carbon dioxide	NaN	NaN	0.0	0.0	NaN	NaN	0.0	NaN	NaN	NaN	NaN	0.0	NaN	0.0	NaN	NaN	0.0	NaN	NaN
PWY-7663: gondoate biosynthesis (anaerobic)	0.0	0.8090804972639588	0.9001203026047807	5.490090635342258	0.0	2.1919401972689223	3.4039774890942907	0.22005226225154728	2.0450459730545587	0.0	2.9347669524700244	2.5038831991938633	0.0	1.4952461927164855	3.7208775622492234	10.220753118801705	1.3027488116929433	0.0	0.05404193239146123
PWY-7664: oleate biosynthesis IV (anaerobic)	0.0	50.83942374916028	1.4911874401952454	4.066072713652915	0.0	2.572772169194021	0.0	0.0	0.0	0.0	1.9017875950457026	2.4340680137593416	0.0	1.4221965112605128	0.0	8.738601479700149	1.1996307669327921	0.0	2.2413051740004306
PWY-821: superpathway of sulfur amino acid biosynthesis (Saccharomyces cerevisiae)	0.0	NaN	0.0	0.0	0.0	0.0	0.0	NaN	NaN	NaN	NaN	0.0	0.0	0.5562446086331609	NaN	0.0	0.0	0.0	NaN
PWY-841: superpathway of purine nucleotides de novo biosynthesis I	0.0	NaN	1.7816780109584298	0.0	0.0	0.0	1.4727311122830413	NaN	1.9693074510222128	0.0	0.9410762841701927	1.4173484860784842	0.0	0.7212150906456108	1.4112603722875856	0.0	2.038945769317255	0.0	1.2651066367144637
PWY-922: mevalonate pathway I (eukaryotes and bacteria)	0.0	NaN	0.0	0.0	0.0	0.0	NaN	NaN	NaN	0.0	NaN	0.0	NaN	NaN	NaN	0.0	NaN	0.0	NaN
PWY0-1061: superpathway of L-alanine biosynthesis	NaN	NaN	0.17544654530632117	0.0	NaN	1.7025072386327076	0.0	NaN	NaN	NaN	0.5879954397424595	1.2487015270045216	0.0	2.6192497366232894	NaN	0.0	0.0	0.0	NaN
PWY0-1241: ADP-L-glycero-&beta;-D-manno-heptose biosynthesis	0.0	NaN	0.8604948150839574	0.0	0.0	2.208330437304414	0.0	NaN	1.432361483249712	0.0	1.2445329802417846	0.7326989167738504	0.0	0.2908258727009245	0.0	0.0	0.0	0.0	1.2789793577898334
PWY0-1261: anhydromuropeptides recycling I	0.0	NaN	0.33207037769858605	0.0	0.0	1.2645802327005191	0.0	NaN	0.0	0.0	0.9233247427164559	0.4076490364335256	0.0	0.6992085573274208	1.9290648418022136	0.0	0.9298481592946357	0.0	NaN
PWY0-1277: 3-phenylpropanoate and 3-(3-hydroxyphenyl)propanoate degradation	NaN	NaN	0.0	0.0	NaN	0.0	0.0	NaN	NaN	NaN	0.029536709979202373	0.0	0.0	15.933560128754399	NaN	0.0	0.0	NaN	NaN
PWY0-1296: purine ribonucleosides degradation	0.0	NaN	1.1263515339349064	4.664711410287783	0.0	1.3211886690293455	0.8514653421994539	0.0	0.816887053504524	0.0	1.9560886710927494	2.4649904120225927	7.6692933664985965	1.1109336394270362	0.9440564745050697	3.4940531048542485	0.49720721292796854	0.0	0.0
PWY0-1297: superpathway of purine deoxyribonucleosides degradation	0.0	NaN	0.17769220901039678	0.0	0.0	0.8990828142181051	0.0	NaN	0.0	0.0	1.0674259605004741	1.6087286311207991	0.0	1.9324831641938058	0.0	0.0	8.909889183731382	0.0	0.0
PWY0-1298: superpathway of pyrimidine deoxyribonucleosides degradation	0.0	NaN	0.4475138130376785	7.672613998845418	0.0	1.94435309255901	0.0	NaN	2.5638674588095074	0.0	1.951347739528325	1.7871167799838832	0.0	2.1460933077274325	2.0970946372890173	0.0	0.0	0.0	Inf
PWY0-1319: CDP-diacylglycerol biosynthesis II	0.0	0.0	0.5716134359833002	0.0	4.344806321781744	1.232263707416384	0.688927925251645	0.7173601338927473	0.4833497065621903	0.0	1.2700537578770317	0.9451776424768751	0.0	0.890659199392341	1.2132682750519708	0.0	0.47547795287879213	0.0	0.8552284484394764
PWY0-1338: polymyxin resistance	NaN	NaN	0.0	0.0	NaN	0.0	0.0	NaN	NaN	NaN	0.19809454921368436	0.8119369461715821	0.0	0.17105416641985696	NaN	0.0	0.0	NaN	NaN
PWY0-1415: superpathway of heme b biosynthesis from uroporphyrinogen-III	0.0	NaN	0.0	0.0	0.0	1.3525152856967548	0.0	NaN	0.0	NaN	0.5666994314494123	0.5038555512918215	0.0	0.6651649964298518	NaN	0.0	0.0	0.0	0.0
PWY0-1479: tRNA processing	0.0	NaN	0.394945644934374	0.0	0.0	1.6902865784121233	2.6043238755651936	NaN	0.0	0.0	1.0695945732176693	1.0341793865499738	0.0	1.0095389489136601	0.0	3.867421861905434	0.0	0.0	2.692473934175399
PWY0-1533: methylphosphonate degradation I	NaN	NaN	0.0	0.0	NaN	0.0	NaN	NaN	NaN	NaN	NaN	0.0	0.0	0.0	NaN	0.0	NaN	NaN	NaN
PWY0-1586: peptidoglycan maturation (meso-diaminopimelate containing)	0.0	0.0	0.30956048870199554	1.6308609447891256	0.0	1.0438050748452277	0.38263793380806416	0.0	0.11807924104718573	0.0	0.5698412026161286	0.7221431401789815	3.0079387935156863	0.4870050772251982	0.4386217852183475	2.438179072707463	0.06586838811631948	0.0	0.0
PWY0-162: superpathway of pyrimidine ribonucleotides de novo biosynthesis	0.0	0.0	0.0	0.0	0.0	0.0	1.585649334713664	0.40199689233530717	1.823345874940358	0.0	0.6178156779827132	0.47374130836032696	0.0	0.21095259878113037	2.0161894282761255	0.0	1.411557825335025	0.0	NaN
PWY0-166: superpathway of pyrimidine deoxyribonucleotides de novo biosynthesis (E. coli)	0.0	NaN	0.0	0.0	0.0	0.0	0.0	NaN	NaN	NaN	0.9439787914901665	0.9089631324983026	0.0	0.5784477062241977	NaN	0.0	0.0	0.0	0.0
PWY0-41: allantoin degradation IV (anaerobic)	NaN	NaN	0.0	0.0	NaN	NaN	0.0	NaN	NaN	NaN	NaN	0.0	0.0	0.0	NaN	0.0	NaN	NaN	NaN
PWY0-42: 2-methylcitrate cycle I	NaN	NaN	0.0	0.0	NaN	10.934641604320642	0.0	NaN	NaN	NaN	0.9076514389312941	0.31400709076477673	0.0	0.0	NaN	0.0	NaN	0.0	NaN
PWY0-781: aspartate superpathway	0.0	NaN	0.0	0.0	0.0	0.0	0.0	NaN	0.0	NaN	0.6604827404754079	0.2670727867321771	0.0	0.5397432077646731	0.0	0.0	0.0	0.0	0.0
PWY0-845: superpathway of pyridoxal 5'-phosphate biosynthesis and salvage	0.0	1.196019691383854	1.0049809263382852	0.0	0.0	1.130211001214095	1.1704405997902978	0.34153911996485753	1.2357590387282673	0.0	0.8523770022143784	0.613792723926626	0.0	0.9275852298213284	0.0	5.862045436799018	1.3902236860575174	0.0	0.6515503018257958
PWY0-862: (5Z)-dodecenoate biosynthesis I	0.0	52.864589979373285	1.5662639325995549	3.9557479165861817	0.0	3.037304871357545	1.0839315949423403	0.0	0.0	0.0	3.6463640716515267	2.3341994325587914	0.0	1.3512802070232977	0.0	8.28743414008543	1.1963934870205721	0.0	2.5648969265502544
PWY0-881: superpathway of fatty acid biosynthesis I (E. coli)	NaN	NaN	NaN	0.0	NaN	NaN	0.0	NaN	NaN	NaN	NaN	0.0	NaN	NaN	NaN	0.0	NaN	NaN	NaN
PWY1F-823: leucopelargonidin and leucocyanidin biosynthesis	NaN	NaN	NaN	NaN	0.0	NaN	NaN	NaN	NaN	NaN	NaN	NaN	NaN	NaN	NaN	NaN	NaN	NaN	NaN
PWY1G-0: mycothiol biosynthesis	NaN	NaN	NaN	NaN	0.0	NaN	NaN	NaN	NaN	NaN	NaN	NaN	NaN	NaN	NaN	NaN	NaN	0.0	NaN
PWY3DJ-35471: L-ascorbate biosynthesis IV (animals, D-glucuronate pathway)	NaN	NaN	NaN	NaN	0.0	NaN	NaN	NaN	NaN	NaN	NaN	0.0	0.0	NaN	NaN	0.0	0.0	0.0	NaN
PWY3O-355: stearate biosynthesis III (fungi)	0.0	NaN	1040.5991061785703	0.0	0.0	0.0	0.0	NaN	2.0816371494731314	NaN	NaN	0.0	0.0	0.35278568817236616	0.0	0.0	0.0	0.0	NaN
PWY490-3: nitrate reduction VI (assimilatory)	NaN	NaN	NaN	NaN	0.0	NaN	NaN	NaN	0.0	NaN	NaN	NaN	NaN	NaN	NaN	NaN	0.0	0.0	NaN
PWY4FS-7: phosphatidylglycerol biosynthesis I (plastidic)	0.0	NaN	0.35975205767045093	0.0	0.0	1.130170836749832	1.1687998812874527	NaN	0.0	0.0	0.8390085900349794	0.7927932383369595	0.0	0.6337635808712978	4.395759244812017	0.0	0.8092579861068625	0.0	3.183999080277861
PWY4FS-8: phosphatidylglycerol biosynthesis II (non-plastidic)	0.0	NaN	0.35975205767045093	0.0	0.0	1.130170836749832	1.1687998812874527	NaN	0.0	0.0	0.8390085900349794	0.7927932383369595	0.0	0.6337635808712978	4.395759244812017	0.0	0.8092579861068625	0.0	3.183999080277861
PWY4LZ-257: superpathway of fermentation (Chlamydomonas reinhardtii)	0.0	NaN	0.18255941439894965	0.0	0.0	NaN	0.0	NaN	0.0	NaN	0.0	0.8669129962613135	0.0	2.5490774596023926	0.0	0.0	15.657311362782282	0.0	NaN
PWY66-367: ketogenesis	NaN	NaN	0.0	0.0	NaN	0.0	NaN	NaN	0.0	NaN	NaN	0.0	NaN	NaN	NaN	0.0	NaN	0.0	NaN
PWY66-388: ceramide degradation by &alpha;-oxidation	0.0	NaN	NaN	NaN	NaN	NaN	0.0	NaN	NaN	NaN	NaN	NaN	NaN	NaN	NaN	NaN	NaN	NaN	NaN
PWY66-389: phytol degradation	0.0	NaN	2.5247236760882656	0.0	0.0	0.0	0.0	NaN	NaN	0.0	0.6282210063276036	3.084108942354071	0.0	3.212974196895133	NaN	0.0	0.0	NaN	NaN
PWY66-398: TCA cycle III (animals)	0.0	NaN	NaN	NaN	0.0	NaN	0.0	NaN	0.0	NaN	NaN	NaN	NaN	0.0	0.0	0.0	0.0	0.0	NaN
PWY66-399: gluconeogenesis III	0.0	NaN	NaN	0.0	0.0	0.0	5.3205883299397385	NaN	9.860585341919968	0.0	NaN	0.0	0.0	0.0	0.0	0.0	7.790630524769765	0.0	NaN
PWY66-409: superpathway of purine nucleotide salvage	0.0	NaN	0.0	0.0	0.0	0.9622816990189194	0.0	NaN	0.0	0.0	1.4627575929301666	1.1955511095663054	0.0	1.3423843175726784	0.0	0.0	0.0	0.0	0.0
PWY66-422	0.0	NaN	1.8931642255808658	0.0	0.0	0.16189297794618043	0.0	NaN	0.0	0.0	0.36572856987019337	0.3427982452415656	0.0	0.9066735886497009	0.995958368756751	0.0	0.0	0.0	NaN
PYRIDNUCSAL-PWY: NAD salvage pathway I (PNC VI cycle)	0.0	NaN	0.0	0.0	0.0	0.0	0.0	NaN	0.0	NaN	NaN	0.6658049942846859	0.0	0.2568359645208645	0.0	0.0	0.0	0.0	NaN
PYRIDNUCSYN-PWY: NAD de novo biosynthesis I (from aspartate)	0.0	0.0	1.3248523534175527	0.0	0.0	0.0	1.1208073457838983	0.0	1.0880771524346222	0.0	0.35862781848287306	0.6244304274124153	0.0	0.36357998439308953	0.8071046495180912	0.0	0.7668253657509	0.0	NaN
PYRIDOXSYN-PWY: pyridoxal 5'-phosphate biosynthesis I	0.0	1.7081805045608536	0.7346379740202511	0.0	0.0	1.9990954452711398	3.07907458741225	1.7017328811778685	1.5060035753348286	0.0	1.2793579022764585	0.9155017317582141	0.0	1.4009604117842724	0.0	4.969143304713227	6.087499929021316	0.0	0.681641309071129
REDCITCYC: TCA cycle VI (Helicobacter)	0.0	NaN	0.0	0.0	0.0	0.0	0.0	NaN	0.0	0.0	NaN	0.0	0.0	0.0	0.0	0.0	0.0	0.0	NaN
RHAMCAT-PWY: L-rhamnose degradation I	0.0	0.0	0.0	0.0	0.0	0.0	0.0	NaN	0.0	0.0	0.033030912920448754	0.041573523564777434	0.0	0.03541288417443315	0.7900418697811707	0.0	0.6019190218547956	0.0	NaN
RIBOSYN2-PWY: flavin biosynthesis I (bacteria and plants)	0.0	0.0	2.3248282913904044	0.0	0.0	1.2699068209309314	0.3481926910481862	0.3797244381819154	0.3208968525195643	0.0	2.360019626821822	0.6708801374840142	0.0	0.47375070643585937	0.43146779294252446	0.0	0.46581929493748275	0.0	1.134341182100132
RUMP-PWY: formaldehyde oxidation I	0.0	NaN	NaN	NaN	0.0	0.0	0.0	NaN	0.0	0.0	NaN	0.0	NaN	NaN	0.0	NaN	0.0	0.0	NaN
SALVADEHYPOX-PWY: adenosine nucleotides degradation II	0.0	NaN	0.07946831308512928	0.0	0.0	0.0	0.2955442266611848	NaN	0.0	0.0	0.0	0.1850977044796348	0.0	0.1281411831019711	1.584081987244003	0.0	0.0	0.0	0.0
SER-GLYSYN-PWY: superpathway of L-serine and glycine biosynthesis I	0.0	16.260557082868438	3.8341833933821348	3.1327417023081896	17.240304251289626	3.0457600314684456	3.95060917964528	14.07175049051869	6.209427939523171	4.673109910495422	1.8955684411570506	1.9291023887505694	0.0	1.0035989920429778	1.6261899129310624	1.906378671139802	2.3411991798573735	0.0	NaN
SO4ASSIM-PWY: assimilatory sulfate reduction I	0.0	NaN	0.20647736292225116	0.0	0.0	9.40266443573116	0.0	NaN	0.0	0.0	1.7298780676499244	0.36657806490174477	0.0	0.4339138310799795	0.0	0.0	0.0	0.0	NaN
SULFATE-CYS-PWY: superpathway of sulfate assimilation and cysteine biosynthesis	0.0	NaN	0.3203665722943316	0.0	0.0	4.981116560652511	0.0	NaN	0.0	0.0	1.758824636911169	0.49085335297047455	0.0	0.3408696226773208	0.0	0.0	0.0	0.0	NaN
TCA-GLYOX-BYPASS: superpathway of glyoxylate bypass and TCA	NaN	NaN	0.1836082707118211	0.0	0.0	0.0	0.0	NaN	NaN	NaN	0.2929184699915718	2.4111265997478992	0.0	1.360535321305334	0.0	20.813884753892808	0.0	0.0	0.0
TCA: TCA cycle I (prokaryotic)	0.0	NaN	1.0383154832654886	9.072276859270072	0.0	0.0	8.307761828349504	NaN	0.0	0.0	0.3161446922773873	2.1793486195260043	19.87645778924913	4.181419813641156	0.0	13.50677750370652	0.3553289784197092	0.0	0.0
TEICHOICACID-PWY: poly(glycerol phosphate) wall teichoic acid biosynthesis	0.0	NaN	95.0923495253628	0.0	0.0	0.0	0.0	NaN	0.507665590875623	0.0	NaN	0.0	0.0	0.15974925478827146	0.0	0.0	0.0	0.0	NaN
THISYN-PWY: superpathway of thiamine diphosphate biosynthesis I	0.0	NaN	0.0	0.0	0.0	0.0	0.0	NaN	0.0	0.0	0.07158657775457226	0.36820077373557386	0.0	0.06932635377509674	0.0	0.0	0.0	0.0	NaN
THISYNARA-PWY: superpathway of thiamine diphosphate biosynthesis III (eukaryotes)	0.0	NaN	0.0	0.0	0.0	0.0	0.0	NaN	0.0	0.0	NaN	0.43867241163303056	0.0	0.04521308527839363	0.0	0.0	0.0	0.0	NaN
THREOCAT-PWY: superpathway of L-threonine metabolism	NaN	NaN	0.0	0.0	NaN	NaN	NaN	NaN	NaN	NaN	NaN	0.0	0.0	0.2700365943251746	NaN	0.0	0.0	NaN	NaN
THRESYN-PWY: superpathway of L-threonine biosynthesis	0.0	0.0	1.4140417286527602	0.0	0.0	1.1296009018825461	0.5451452992998362	0.4845077863386679	0.5958315887026704	0.0	0.6319340727017386	0.6795080652683136	0.0	0.5932710098582874	1.0267735429927483	0.0	0.2853526844744614	0.0	0.38268585632854496
TRNA-CHARGING-PWY: tRNA charging	0.0	0.5410993690328086	1.6836743026894256	0.0	0.0	0.6910262842971773	1.1268865465670017	0.5145851619636698	0.8784934543432785	0.0	1.4363368314244696	1.1014972100801999	0.0	0.8134082200990345	0.994785174137931	1.5250679235267317	1.0387346571844474	0.0	0.7368190877853977
TRPSYN-PWY: L-tryptophan biosynthesis	0.0	NaN	0.0	0.0	0.0	0.0	0.0	0.0	0.0	0.0	0.39407788111727304	0.45949130811189015	0.0	0.08968533236059283	0.0	0.0	0.28750603718006473	0.0	0.09097983293532119
TYRFUMCAT-PWY: L-tyrosine degradation I	NaN	NaN	NaN	NaN	NaN	0.0	NaN	NaN	NaN	NaN	NaN	0.0	NaN	NaN	NaN	NaN	NaN	NaN	NaN
UBISYN-PWY: superpathway of ubiquinol-8 biosynthesis (early decarboxylation)	NaN	NaN	0.0	0.0	NaN	0.0	0.0	NaN	NaN	NaN	NaN	0.8923583429951245	0.0	0.9002210184802033	NaN	0.0	0.0	0.0	NaN
UDPNACETYLGALSYN-PWY: UDP-N-acetyl-D-glucosamine biosynthesis II	NaN	NaN	NaN	NaN	NaN	NaN	NaN	NaN	0.0	NaN	NaN	NaN	NaN	NaN	NaN	NaN	NaN	NaN	NaN
UDPNAGSYN-PWY: UDP-N-acetyl-D-glucosamine biosynthesis I	0.0	NaN	0.478031899177031	0.0	0.0	1.611349010610205	0.0	NaN	0.0	0.0	1.7649419134509483	0.6045692917855818	0.0	1.3200687369908022	0.39053998364171433	0.0	0.5764483782079504	0.0	0.9954217844690219
URDEGR-PWY: superpathway of allantoin degradation in plants	NaN	NaN	0.0	0.0	NaN	NaN	0.0	NaN	NaN	NaN	NaN	0.0	NaN	0.0	NaN	0.0	NaN	NaN	NaN
URSIN-PWY: ureide biosynthesis	NaN	NaN	NaN	NaN	NaN	0.0	NaN	NaN	NaN	NaN	NaN	0.0	NaN	NaN	NaN	NaN	NaN	NaN	NaN
VALDEG-PWY: L-valine degradation I	NaN	NaN	NaN	NaN	NaN	0.0	NaN	NaN	NaN	NaN	NaN	NaN	NaN	NaN	NaN	0.0	NaN	NaN	NaN
VALSYN-PWY: L-valine biosynthesis	0.0	0.6841740908003334	0.6685781706977879	0.0	0.0	0.8166825836578523	1.2448498559696557	0.7449468528252695	1.3120714763471493	3.577800824786529	0.3260055721189634	0.8327316866426886	0.0	0.45863255959490085	1.6383421550973951	2.3097465774593586	1.3148936818530137	0.0	1.8966577341344886
