# Pathway	A006_2XSw_0h_Ctl_CCCTCCGT_Abundance	A006_2XSw_0h_Ctl_GTACCGGT_Abundance	A006_2XSw_0h_Ctl_TACCGAGT_Abundance	A006_2XSw_0h_Ctl_TCTCCCAT_Abundance	A011_0_h_CD_2_CCCTCCGT_Abundance	A011_0_h_CD_2_CCGAGGGT_Abundance	A011_0_h_CD_2_CGAGTTGT_Abundance	A011_0_h_CD_2_GCCGGTAT_Abundance	A011_0_h_CD_2_GTACCGGT_Abundance	A011_0_h_CD_2_TACCGAGT_Abundance	A011_0_h_CD_2_TCCATATT_Abundance	Bacteriodes_F_P1_CCCTCCGT_Abundance	Bacteriodes_F_P1_CCGAGGGT_Abundance	Bacteriodes_F_P1_CGAGTTGT_Abundance	Bacteriodes_F_P1_GCCGGTAT_Abundance	Bacteriodes_F_P1_TGGCTGCT_Abundance	Bacteriodes_F_P1_TTAGAAAT_Abundance	S5_363_0h_ctl_CCCTCCGT_Abundance	S5_363_0h_ctl_CCGAGGGT_Abundance	S5_363_0h_ctl_CGAGTTGT_Abundance	S5_363_0h_ctl_GCCGGTAT_Abundance	S5_363_0h_ctl_GTACCGGT_Abundance
1CMET2-PWY: folate transformations III (E. coli)	0.0105645	0	0	0	0.00352039	0	0	0.00362369	0.00683815	0.0193782	0	0.00300239	0.00338468	0.0121071	0.0113586	0.00520542	0.00744459	0.011134	0.00931197	0.0080557	0.00555445	0.0102762
AEROBACTINSYN-PWY: aerobactin biosynthesis	0	0	0	0	0.000330113	0	0	0	0	0	0	0	0	0	0	0	0	0	0	0	0	0
ANAEROFRUCAT-PWY: homolactic fermentation	0	0	0	0	0.00668073	0	0	0.0085419	0.0101276	0.0306545	0	0.00936086	0.00708241	0	0	0	0	0.00403892	0.00655195	0.0125135	0.0088223	0.00380156
ANAGLYCOLYSIS-PWY: glycolysis III (from glucose)	0.0224394	0	0	0.136735	0.014505	0.00935948	0	0.0157625	0.0231519	0.0395743	0.0522393	0.01694	0.0128514	0.0360847	0.0367765	0.000332423	0.00160112	0.0266879	0.0272553	0.0264476	0.0304469	0.0252759
ARG+POLYAMINE-SYN: superpathway of arginine and polyamine biosynthesis	0	0	0	0	0.00144934	0	0	0.00166076	0.00151675	0	0	0	0	0	0	0	0	0	0	0	0	0
ARGDEG-PWY: superpathway of L-arginine, putrescine, and 4-aminobutanoate degradation	0	0	0	0	0.00381484	0	0	0	0	0	0	0	0	0	0	0	0	0	0	0	0	0
ARGININE-SYN4-PWY: L-ornithine biosynthesis II	0.00126834	0	0	0	0.00220659	0	0	0.00134807	0.00346486	0	0	0	0	0.0059436	0.0119205	0	0	0.00350501	0.00437394	0.00189218	0.00424459	0.00921058
ARGSYN-PWY: L-arginine biosynthesis I (via L-ornithine)	0	0	0	0	0.00214602	0	0	0.00495264	0.00515398	0	0	0.00735588	0.00697046	0	0	0	0	0.00400399	0.00291339	0.00291092	0.00545476	0
ARGSYNBSUB-PWY: L-arginine biosynthesis II (acetyl cycle)	0	0	0	0	0.00169724	0	0	0.00467059	0.0035572	0	0	0.00619656	0.0059221	0	0	0	0	0.0048367	0.00529382	0.00249839	0.00437636	0.0043583
ARO-PWY: chorismate biosynthesis I	0.00651087	0	0	0	0.00380644	0	0	0.00308024	0.00303579	0	0	0.0040103	0.00360079	0	0	0	0	0.00366263	0.0037848	0.00304522	0.00362023	0.00493709
ASPASN-PWY: superpathway of L-aspartate and L-asparagine biosynthesis	0.00600043	0	0	0.0388472	0.00535949	0	0.0646898	0.00938527	0.0210545	0.0148351	0.108836	0.00555066	0.00713023	0.00564551	0.00754495	3.88487e-05	0	0.00407267	0.00212987	0.0105464	0.011364	0.00603686
AST-PWY: L-arginine degradation II (AST pathway)	0	0	0	0	0.00826275	0	0	0	0	0	0	0.00679001	0.00172934	0	0	0	0	0	0	0	0	0
BIOTIN-BIOSYNTHESIS-PWY: biotin biosynthesis I	0	0	0	0	0.000528317	0	0	0.00179042	0.0038943	0	0	0	0.00138569	0	0	4.24812e-05	0	0	0	0	0	0
BRANCHED-CHAIN-AA-SYN-PWY: superpathway of branched chain amino acid biosynthesis	0.0165583	0	0	0	0.00658627	0	0	0.00391495	0.00196468	0	0	0.00144878	0.00164321	0.00797383	0.00771574	0.0217684	0.0266231	0.00616845	0.00773418	0.0117479	0.00932142	0.0142908
CALVIN-PWY: Calvin-Benson-Bassham cycle	0.0221545	0	0	0	0.0182609	0.0182257	0	0.00956911	0.0121312	0.0566004	0	0.0162396	0.0117852	0.00652947	0.00385508	0	0	0.00474831	0.00905232	0.005287	0.0302683	0.00923556
CENTFERM-PWY: pyruvate fermentation to butanoate	0	0	0	0	0	0	0	0	0	0	0	0	0	0	0	0	0	0	0.00137133	0.00123855	0	0
CITRULBIO-PWY: L-citrulline biosynthesis	0	0	0	0	0.000535104	0	0	0.00166204	0.00618403	0	0	0	0	0	0	0	0	0	0.00391202	0.00345199	0.00323926	0.00761902
COA-PWY-1: superpathway of coenzyme A biosynthesis III (mammals)	0.0123559	0	0	0	0.00162233	0	0	0.00311836	0.00638522	0	0.0112191	0.00145266	0.00206502	0	0.00712688	0.0137921	0.0186087	0.00720927	0.00786267	0.00837955	0.00719549	0.00788185
COA-PWY: coenzyme A biosynthesis I (prokaryotic)	0.0175113	0	0	0	0.00192788	0	0	0.00304404	0.00917432	0	0.0112191	0.00282791	0.00250991	0	0.00751884	0.0108968	0.016282	0.00622459	0.00585806	0.0110471	0.00719549	0.0108083
COBALSYN-PWY: superpathway of adenosylcobalamin salvage from cobinamide I	0	0	0	0	0.00248345	0	0	0.000729615	0.00123238	0	0	0	0.000537743	0	0	0	0.00039102	0.00165402	0	0	0.00276187	0
COLANSYN-PWY: colanic acid building blocks biosynthesis	0	0	0	0	0.00128527	0	0	0.00200591	0.00099179	0	0	0	0.000561344	0.008854	0	0	0	0.00204424	0.00479433	0.00212187	0	0.00240998
COMPLETE-ARO-PWY: superpathway of aromatic amino acid biosynthesis	0.00610839	0	0	0	0.00374437	0	0	0.00302398	0.00277255	0	0	0.00406875	0.00358201	0	0	0	0	0.0032847	0.00313495	0.0031509	0.00378043	0.00404916
DAPLYSINESYN-PWY: L-lysine biosynthesis I	0	0	0	0	0.00245159	0	0	0.00289568	0.00230572	0	0	0	0.00462736	0	0	3.37899e-05	0	0.00188689	0.00207344	0.000971842	0	0.00442137
DENOVOPURINE2-PWY: superpathway of purine nucleotides de novo biosynthesis II	0	0	0	0	0.00347326	0	0	0.00233744	0	0	0	0	0.00370614	0	0	0.00018593	0	0	0	0	0	0
DTDPRHAMSYN-PWY: dTDP-&beta;-L-rhamnose biosynthesis	0.0193449	0.0409834	0	0	0.00286376	0.00535701	0	0.00283536	0.00377554	0.0196887	0	0	0	0.0271011	0.0287568	0	0	0.0107102	0.0108713	0.0274439	0.0295981	0.00516116
ECASYN-PWY: enterobacterial common antigen biosynthesis	0	0	0	0	0.000343949	0	0	0.000208834	0	0	0	0	0.00101962	0	0	0	0	0	0	0	0	0
FAO-PWY: fatty acid &beta;-oxidation I (generic)	0	0	0	0	0.00149743	0	0	0.00197417	0	0	0	0.0313005	0.00800898	0	0	0	0	0	0	0	0	0
FASYN-ELONG-PWY: fatty acid elongation -- saturated	0	0	0	0	0.0150111	0.0356551	0	0.00785026	0.00654156	0	0.0190893	0.0195422	0.0185935	0.00652088	0	0.000195242	0	0	0.00489872	0.000971936	0	0
FASYN-INITIAL-PWY: superpathway of fatty acid biosynthesis initiation (E. coli)	0	0	0	0	0.00889844	0	0	0.00712449	0.00929511	0	0	0.00363811	0.00459005	0	0	0.0515765	0.0531531	0.0132951	0.00692753	0.00900407	0.00794789	0.0100827
FERMENTATION-PWY: mixed acid fermentation	0	0	0	0.0767527	0.00573622	0.0116279	0	0.00606783	0.00612798	0	0.029616	0.00492459	0.0044075	0	0	0	0	0	0.00155138	0	0	0
FOLSYN-PWY: superpathway of tetrahydrofolate biosynthesis and salvage	0	0	0	0	0.00108636	0	0	0.00122051	0	0	0	0	0	0	0	0	0	0	0	0	0	0
FUC-RHAMCAT-PWY: superpathway of fucose and rhamnose degradation	0	0	0	0	0	0	0	0.000180282	0	0	0	0	0.000189013	0	0	0	0	0	0	0	0	0
FUCCAT-PWY: fucose degradation	0.00181018	0	0	0	9.84269e-05	0	0	0.000463217	0	0	0	0	0.000260866	0	0	0	0	0	0	0	0	0.000978783
GALACT-GLUCUROCAT-PWY: superpathway of hexuronide and hexuronate degradation	0	0	0	0	0.000722047	0	0	0.00120328	0.00120328	0	0	0	0	0	0	0	0	0	0.00149452	0.00101293	0.00218771	0
GALACTARDEG-PWY: D-galactarate degradation I	0	0	0	0	0	0	0	0.000629416	0	0	0	0	0.000260342	0	0	0	0	0	0	0	0	0
GALACTUROCAT-PWY: D-galacturonate degradation I	0	0	0	0	0.00079282	0	0	0.00209974	0.00265965	0	0	0	0.000369718	0	0	0	0	0	0.00163149	0.000731222	0.00516581	0
GLCMANNANAUT-PWY: superpathway of N-acetylglucosamine, N-acetylmannosamine and N-acetylneuraminate degradation	0.00393396	0	0	0	0.000542344	0	0	0.00201123	0.00179099	0	0.010837	0	0.0010557	0	0	0	0	0	0.00112476	0	0	0.000516242
GLUCARDEG-PWY: D-glucarate degradation I	0	0	0	0	0	0	0	0.00015791	0	0	0	0	0.000284944	0	0	0	0	0	0	0	0	0
GLUCARGALACTSUPER-PWY: superpathway of D-glucarate and D-galactarate degradation	0	0	0	0	0	0	0	0.000629416	0	0	0	0	0.000260342	0	0	0	0	0	0	0	0	0
GLUCONEO-PWY: gluconeogenesis I	0.0313695	0	0	0	0.0125269	0.0197466	0	0.00868019	0.0114396	0.0477436	0	0.0123904	0.00896018	0	0.00765283	0	0.000828984	0.01849	0.0166523	0.0403944	0.0295573	0.0228584
GLUCOSE1PMETAB-PWY: glucose and glucose-1-phosphate degradation	0	0	0	0	0.00424315	0	0	0.00457713	0.00270493	0	0	0	0	0	0	0	0	0	0	0	0	0.00124857
GLUCUROCAT-PWY: superpathway of &beta;-D-glucuronosides degradation	0	0	0	0	0.000775181	0	0	0.000918019	0.000906421	0	0	0	0.000370693	0	0	0	0	0	0.00193371	0.00139257	0.00158995	0
GLUDEG-I-PWY: GABA shunt	0	0	0	0	0.00481345	0	0	0.000116828	0	0	0	0	0	0	0	0	0	0	0	0	0	0
GLUTORN-PWY: L-ornithine biosynthesis I	0	0	0	0	0.00209896	0	0	0.00204766	0.00184552	0	0	0.00541676	0.00640929	0	0	0	0	0.00231942	0.0010191	0.00187359	0.00357332	0
GLYCOCAT-PWY: glycogen degradation I	0	0	0	0	0.00704019	0	0	0.0014452	0.00114616	0	0	0	0	0	0	0	0	0	0	0	0	0.00234993
GLYCOGENSYNTH-PWY: glycogen biosynthesis I (from ADP-D-Glucose)	0.0201194	0.0609015	0	0	0.00619814	0.0121719	0	0.00452717	0.0106612	0	0	0.00941063	0.00645787	0.00425034	0	0	0	0.00536498	0.0106333	0.0071838	0.0101655	0.00981106
GLYCOL-GLYOXDEG-PWY: superpathway of glycol metabolism and degradation	0	0	0	0	0.00058235	0	0	0	0	0	0	0	0.000466997	0	0	0	0	0	0.000878845	0	0	0
GLYCOLYSIS-E-D: superpathway of glycolysis and the Entner-Doudoroff pathway	0	0	0	0	0.00413547	0	0	0.00533815	0.0106949	0	0	0.00973815	0.00782849	0	0	0	0	0.00526657	0.00531979	0.0019964	0.0025864	0
GLYCOLYSIS-TCA-GLYOX-BYPASS: superpathway of glycolysis, pyruvate dehydrogenase, TCA, and glyoxylate bypass	0	0	0	0	0.0117271	0.0224648	0	0.00508123	0.00146787	0	0	0	0.00243678	0	0	0	0	0	0.00187495	0	0	0
GLYCOLYSIS: glycolysis I (from glucose 6-phosphate)	0	0	0	0	0.018752	0.0222577	0	0.0137083	0.0175027	0.0335747	0.0377842	0.0157442	0.0124603	0.015978	0.0109239	0.000383522	0.00251656	0.0217106	0.0175175	0.0213333	0.0232606	0.0134255
GLYOXYLATE-BYPASS: glyoxylate cycle	0	0	0	0	0.0126313	0.0359844	0	0.00224446	0.000372948	0	0	0.0167153	0.0138576	0	0	0	0	0.00292765	0.00104446	0	0	0
GOLPDLCAT-PWY: superpathway of glycerol degradation to 1,3-propanediol	0	0	0	0	0	0	0	0	0	0	0	0.000944664	0.000274547	0	0	0	0	0	0	0	0	0
HCAMHPDEG-PWY: 3-phenylpropanoate and 3-(3-hydroxyphenyl)propanoate degradation to 2-hydroxypentadienoate	0	0	0	0	0	0	0	0.0270646	0	0	0	0	0.000129352	0	0	0	0	0	0	0	0	0
HEME-BIOSYNTHESIS-II: heme b biosynthesis I (aerobic)	0	0	0	0	0.00154471	0	0	0.00145048	0.000350195	0	0	0.00153976	0.0021984	0	0	0.00357705	0.00629616	0	0	0	0	0
HEMESYN2-PWY: heme b biosynthesis II (oxygen-independent)	0	0	0	0	0.0041941	0	0	0.00128377	0.000343526	0	0	0.00311095	0.00279158	0	0	0.00482403	0.0069406	0	0	0.000427989	0	0
HEXITOLDEGSUPER-PWY: superpathway of hexitol degradation (bacteria)	0	0	0	0	0.000420445	0	0	0.00261753	0.000925596	0	0	0	0.0010971	0	0	0	0	0	0.00172933	0.0017191	0.00257607	0
HISDEG-PWY: L-histidine degradation I	0.00102658	0	0	0	0.000239529	0	0	0.000613861	0.0133395	0	0	0.00322078	0.00153179	0	0	0	0	0.00612619	0.00794985	0.0060742	0.000454304	0.010841
HISTSYN-PWY: L-histidine biosynthesis	0.00754059	0	0	0	0.00205467	0.003992	0	0.00601503	0.00382648	0	0	0	0.00217668	0.00752746	0.00627325	0.00103129	0.00440445	0.00336727	0.00205483	0.0107288	0.0121824	0.00622829
HOMOSER-METSYN-PWY: L-methionine biosynthesis I	0	0	0	0	0.00183034	0	0	0.000591456	0.000303328	0	0	0.00196192	0.00174415	0	0.00174093	0	0	0.000921295	0.000497176	0	0	0
HSERMETANA-PWY: L-methionine biosynthesis III	0.00307131	0	0	0	0.000679398	0	0	0.000608127	0.000967348	0	0	0	0	0.015123	0.0133963	0	0	0.00350934	0.00399644	0.00171358	0.00910648	0.00340549
ILEUSYN-PWY: L-isoleucine biosynthesis I (from threonine)	0.0209573	0	0	0	0.00799171	0	0	0.00434236	0.00571914	0	0	0.0025982	0.00176702	0.0137765	0.0102769	0.0317875	0.0397949	0.01488	0.00883109	0.0200949	0.0219969	0.0171061
KDO-NAGLIPASYN-PWY: superpathway of (Kdo)2-lipid A biosynthesis	0	0	0	0	0.000919145	0	0	0.000607924	0	0	0	0.00545207	0.00483622	0	0	0	0	0	0	0	0	0
KETOGLUCONMET-PWY: ketogluconate metabolism	0	0	0	0	0.00285817	0	0	0.000796747	0.000154795	0	0	0	0	0	0	0	0	0	0	0	0	0
LACTOSECAT-PWY: lactose and galactose degradation I	0	0	0	0	0	0	0	0.000299879	0	0	0	0	0	0	0	0	0	0	0.000757134	0	0	0
LPSSYN-PWY: superpathway of lipopolysaccharide biosynthesis	0	0	0	0	0.00109534	0	0	0	0	0	0	0	0	0	0	0	0	0	0	0	0	0
MET-SAM-PWY: superpathway of S-adenosyl-L-methionine biosynthesis	0	0	0	0	0.00229468	0	0	0.000989621	0.000601002	0	0	0.00272074	0.00258342	0	0.00320916	0	0	0.00171458	0.00096049	0	0	0
METH-ACETATE-PWY: methanogenesis from acetate	0.00286134	0	0	0	0	0	0	0.00168592	0.00517787	0	0	0	0	0	0	0	0	0	0.00161905	0.00181374	0.00148407	0
METHGLYUT-PWY: superpathway of methylglyoxal degradation	0	0	0	0	0.0014802	0	0	0.000291624	0.00058015	0	0	0	0	0	0	0	0	0	0	0	0	0
METSYN-PWY: superpathway of L-homoserine and L-methionine biosynthesis	0	0	0	0	0.00231926	0	0	0.0010079	0.00058052	0	0	0.00261115	0.00255647	0	0.00280067	0	0	0.00158306	0.000887428	0	0	0
NAD-BIOSYNTHESIS-II: NAD salvage pathway III (to nicotinamide riboside)	0	0	0	0	0.000741557	0	0	0.00102244	0	0	0	0.00269298	0.00305301	0	0	0	0	0.00298301	0	0.000228611	0	0
NAGLIPASYN-PWY: lipid IVA biosynthesis (E. coli)	0	0	0	0	0.00441851	0	0	0.00282106	0.00249349	0	0.0188254	0.00472903	0.00557114	0	0	0.000256416	0.0012575	0.00468264	0.00469301	0.0013147	0.00173395	0.00263294
NONMEVIPP-PWY: methylerythritol phosphate pathway I	0.0105592	0	0	0	0.00272549	0	0	0.00327054	0.00569455	0.033088	0	0.00211642	0.00327258	0	0.0031392	6.09265e-05	0	0.00432339	0.00715522	0.00923803	0.00609038	0.0072939
NONOXIPENT-PWY: pentose phosphate pathway (non-oxidative branch) I	0.0105706	0	0	0.0631478	0.0160628	0.0278493	0	0.00748778	0.00972834	0.0222173	0.0123459	0.0174825	0.0110638	0.0428529	0.0297419	3.2844e-05	0	0.00423915	0.00480141	0.00182261	0.020191	0.00674695
OANTIGEN-PWY: O-antigen building blocks biosynthesis (E. coli)	0.0034837	0	0	0	0.00190094	0	0	0.00288204	0.00261987	0	0	0	0	0	0	0	0	0	0.00313118	0.00349781	0	0
ORNARGDEG-PWY: superpathway of L-arginine and L-ornithine degradation	0	0	0	0	0.00381484	0	0	0	0	0	0	0	0	0	0	0	0	0	0	0	0	0
ORNDEG-PWY: superpathway of ornithine degradation	0	0	0	0	0.00212129	0	0	0.000539406	0	0	0	0	0.00190471	0	0	0	0	0	0	0	0	0
P105-PWY: TCA cycle IV (2-oxoglutarate decarboxylase)	0	0	0	0	0.00834081	0.0205626	0	0.00392947	0	0	0	0	0	0	0	0	0	0	0	0	0	0
P108-PWY: pyruvate fermentation to propanoate I	0.0029118	0	0	0.0188964	0.00230772	0	0	0.000612949	0.00206512	0	0	0	0	0	0.00224261	0	0	0	0	0.00196774	0	0.00726227
P122-PWY: heterolactic fermentation	0	0	0	0	0.00145618	0	0	0.00183141	0	0	0	0	0	0	0	0	0	0	0	0	0.00178547	0
P124-PWY: Bifidobacterium shunt	0	0	0	0	0.000588693	0	0	0	0.000883369	0	0	0	0	0	0	0	0	0	0	0	0.00202344	0
P161-PWY: acetylene degradation (anaerobic)	0	0	0	0	0.00359103	0	0	0.00508657	0.000601366	0	0	0.00742924	0.00474333	0	0	0	0	0	0	0.00159355	0.0013889	0
P163-PWY: L-lysine fermentation to acetate and butanoate	0	0	0	0	0	0	0	0	0	0	0	0	0	0	0	0	0	0	0.00203195	0	0	0
P164-PWY: purine nucleobases degradation I (anaerobic)	0.00376014	0	0	0	0	0	0	0.000446884	0.000967345	0.027224	0	0	0	0	0	0	0	0.00103771	0.00055697	0	0.000960928	0.00699936
P185-PWY: formaldehyde assimilation III (dihydroxyacetone cycle)	0	0	0	0	0	0	0	0	0	0	0	0.00174028	0.000388699	0	0	0	0	0	0	0	0	0
P221-PWY: octane oxidation	0	0	0	0	0	0	0	0.000167022	0	0	0	0	0	0	0	0	0	0	0	0	0	0
P4-PWY: superpathway of L-lysine, L-threonine and L-methionine biosynthesis I	0	0	0	0	0.000990939	0	0	0.00146549	0	0	0	0	0.00277384	0	0	0	0	0	0	0	0	0
P42-PWY: incomplete reductive TCA cycle	0	0	0	0	0.00112865	0	0	0.00154096	0.00224568	0	0	0	0	0	0	0	0	0	0	0.00125167	0	0
P441-PWY: superpathway of N-acetylneuraminate degradation	0	0	0	0	0.00155439	0	0	0.00467495	0.00317907	0	0	0	0.00270198	0	0	0	0	0	0	0	0	0
P461-PWY: hexitol fermentation to lactate, formate, ethanol and acetate	0	0	0	0	0.000975098	0	0	0.00131501	0.00175007	0	0	0	0.000806673	0	0	0	0	0	0	0.000532059	0.00117704	0
PANTO-PWY: phosphopantothenate biosynthesis I	0.00346632	0	0	0	0.00184679	0	0	0.00417692	0.00538016	0	0	0.00135484	0.00248204	0	0.00606951	1.73208e-05	0	0.00848298	0.00526904	0.00201776	0.00259035	0.00563875
PANTOSYN-PWY: superpathway of coenzyme A biosynthesis I (bacteria)	0.00511962	0	0	0	0.00188031	0	0	0.00352392	0.00677794	0	0	0.00175022	0.00252293	0	0.00716001	3.889e-05	0	0.00668842	0.00546778	0.00367951	0.00422391	0.00752615
PENTOSE-P-PWY: pentose phosphate pathway	0.00395397	0	0	0	0.0110915	0.0155583	0	0.00701738	0.012616	0.0252936	0	0.00498792	0.00424246	0.0543385	0.0379272	0	0	0.00564853	0.00601499	0.0023571	0.0184005	0.00807937
PEPTIDOGLYCANSYN-PWY: peptidoglycan biosynthesis I (meso-diaminopimelate containing)	0.00889422	0	0	0	0.00247913	0	0	0.0025992	0.00475966	0	0	0.00156804	0.00245115	0	0.00268381	0.0179248	0.0223772	0.00430455	0.00472734	0.010669	0.00808158	0.00569082
PHOSLIPSYN-PWY: superpathway of phospholipid biosynthesis I (bacteria)	0.00400404	0	0	0	0.00464126	0	0	0.00460035	0.00271085	0	0	0.00512907	0.00378583	0	0	5.51533e-05	0	0.00396918	0.001722	0.0019737	0.00381609	0
POLYAMSYN-PWY: superpathway of polyamine biosynthesis I	0	0	0	0	0.0011474	0	0	0.00101573	0.00095653	0	0	0	0	0	0	0	0	0.00174065	0	0	0	0
POLYISOPRENSYN-PWY: polyisoprenoid biosynthesis (E. coli)	0	0	0	0	0.00319979	0	0	0.0021322	0.00115311	0	0	0.00218649	0.0029945	0	0	2.18032e-05	0	0	0.00139038	0.000902006	0	0
PPGPPMET-PWY: ppGpp metabolism	0	0	0	0	0.000896672	0	0	0.000860977	0.000760217	0	0	0.00573021	0.00576836	0	0	0	0	0	0	0	0	0
PROTOCATECHUATE-ORTHO-CLEAVAGE-PWY: protocatechuate degradation II (ortho-cleavage pathway)	0	0	0	0	0.000114146	0	0	0	0	0	0	0	0	0	0	0	0	0	0	0	0	0
PRPP-PWY: superpathway of histidine, purine, and pyrimidine biosynthesis	0	0	0	0	0.000779507	0	0	0	0	0	0	0	0.00215086	0	0	0	0	0	0	0	0	0
PWY-1042: glycolysis IV	0.0466069	0.0982285	0	0.157077	0.0227938	0.025121	0	0.0158998	0.0381143	0.0379471	0.0505836	0.0192504	0.0154227	0.0380988	0.0967262	0.00875826	0.0112929	0.0318405	0.034665	0.0491064	0.0483084	0.0361184
PWY-1269: CMP-3-deoxy-D-manno-octulosonate biosynthesis	0.00381943	0	0	0.0169001	0.00378564	0	0	0.00262727	0.00119926	0	0.0101141	0.00795885	0.00694203	0	0	0	0.000256098	0.0051653	0.00428623	0.00876566	0.0067193	0.00535073
PWY-1861: formaldehyde assimilation II (assimilatory RuMP Cycle)	0	0	0	0	0	0	0	0	0	0	0	0	0	0	0	0	0	0	0.00368526	0	0	0
PWY-241: C4 photosynthetic carbon assimilation cycle, NADP-ME type	0	0	0	0	0.000862812	0.00582366	0	0.00267249	0.00392504	0	0.0135598	0	0	0	0	0	0	0	0.000883617	0	0	0
PWY-2723: trehalose degradation V	0	0	0	0	0.00352546	0	0	0.000797337	0.000561298	0	0	0	0	0	0	0	0	0	0	0	0	0.00122394
PWY-2941: L-lysine biosynthesis II	0	0	0	0	0	0	0	0.00253138	0.00101124	0	0	0	0	0	0.00405188	0	0	0.00254416	0	0	0.00426921	0.00223037
PWY-2942: L-lysine biosynthesis III	0.00682998	0	0	0	0.0028753	0	0	0.00379226	0.00591094	0.0229362	0	0	0.00212953	0	0.00907003	0.0112065	0.0135564	0.00829945	0.00676609	0.0101971	0.00834861	0.00981227
PWY-3001: superpathway of L-isoleucine biosynthesis I	0.00947518	0	0	0	0.0041307	0	0	0.00360786	0.00504127	0	0	0.00291471	0.00252482	0	0.00578599	0.00702771	0.0154818	0.00398785	0.00480109	0.00263252	0.00414913	0.00639339
PWY-3781: aerobic respiration I (cytochrome c)	0.00322894	0	0	0.0247003	0	0	0	0	0.00125315	0	0	0	0	0	0	0	0	0	0	0.00157565	0.00262356	0.0016075
PWY-3841: folate transformations II (plants)	0.0137607	0	0	0	0.00461292	0	0	0.00449747	0.0102422	0.038141	0.0134166	0.00407704	0.0037401	0.0104017	0.0188791	0.00933463	0.0137808	0.0156013	0.0130129	0.010157	0.00664773	0.014189
PWY-4041: &gamma;-glutamyl cycle	0	0	0	0.0300025	0.00674761	0.0232777	0	0.00468164	0.00634093	0	0.00839559	0.00922912	0.00699637	0	0	0	0	0	0.00434127	0	0	0
PWY-4242	0.0109583	0	0	0	0.0014078	0	0	0.00241903	0.00039798	0	0	0.00116575	0.00119632	0	0.00619561	0.00928208	0.0160836	0.00569392	0.00540762	0.00281575	0.00313815	0.00651296
PWY-4321: L-glutamate degradation IV	0	0	0	0	0.00123118	0	0	0	0	0	0	0	0	0	0	0	0	0	0	0	0	0
PWY-4702: phytate degradation I	0	0	0	0	0.0018936	0	0	0.00110081	0.000727209	0	0	0	0	0	0	0	0	0	0	0	0	0
PWY-4981: L-proline biosynthesis II (from arginine)	0	0	0	0.0200911	0.00139664	0	0	0.00895402	0.0059806	0	0	0	0	0	0	0	0	0.00174333	0.00546665	0.0021086	0.00395351	0.000977743
PWY-4984: urea cycle	0	0	0	0	0.000462433	0	0	0.00143749	0.00661152	0	0	0	0	0	0	0	0	0	0.00306846	0.0027171	0.00300508	0.00662412
PWY-5005: biotin biosynthesis II	0	0	0	0	0	0	0	0	0	0	0	0	0	0	0	0.00864307	0.0140998	0	0	0	0	0
PWY-5022: 4-aminobutanoate degradation V	0	0	0	0	0	0	0	0.000119476	0	0	0	0	0	0	0	0	0	0	0	0	0	0
PWY-5030: L-histidine degradation III	0	0	0	0	0	0	0	0.000701986	0.00921485	0	0	0	0	0	0	0	0	0.00653722	0.00583641	0.0062344	0.000539079	0.00977151
PWY-5083: NAD(P)/NADPH interconversion	0	0	0	0	0.00250818	0	0	0.0011613	0.00038925	0	0	0.00280762	0.0028765	0	0	0	0	0	0	0	0.000541218	0
PWY-5097: L-lysine biosynthesis VI	0.0118233	0	0	0	0.00229184	0	0	0.00362057	0.00479603	0	0	0	0.00229729	0	0.0082765	0.00453503	0.00666486	0.00480791	0.00391916	0.00493816	0.00432951	0.00722495
PWY-5100: pyruvate fermentation to acetate and lactate II	0.0189858	0	0	0	0.00232888	0	0	0.00495735	0.00516737	0	0	0	0	0	0	5.75444e-05	0	0.0016721	0.00335365	0.0029552	0.00625904	0.00119167
PWY-5103: L-isoleucine biosynthesis III	0.0165583	0	0	0	0.00577117	0	0	0.00386246	0.00160198	0	0	0.00140536	0.0015037	0.0068568	0.00544142	0.0200268	0.024553	0.00415562	0.0070032	0.00825254	0.00674388	0.0131893
PWY-5104: L-isoleucine biosynthesis IV	0	0	0	0	0.000819046	0	0	0.00186911	0.00158663	0	0	0.00291479	0.00185259	0	0	0	0	0.00357951	0.00588049	0.00387344	0.00135906	0.0106459
PWY-5121: superpathway of geranylgeranyl diphosphate biosynthesis II (via MEP)	0	0	0	0	0.00209606	0	0	0.00185625	0.00200827	0	0	0	0.00278817	0	0	4.79913e-05	0	0.00294661	0.00237735	0.00165673	0.00182321	0
PWY-5154: L-arginine biosynthesis III (via N-acetyl-L-citrulline)	0	0	0	0	0.00108657	0	0	0.00232453	0.00262475	0	0	0.0051825	0.00343658	0	0	0	0	0.00308754	0.00145534	0.00259182	0.00445537	0
PWY-5173	0	0	0	0.129069	0.0110774	0.011749	0.162261	0.0149569	0.0147016	0	0.115349	0.00609784	0.00830282	0	0	5.12762e-05	0.000272355	0.00662601	0.00503192	0.000192744	0.00298027	0
PWY-5188: tetrapyrrole biosynthesis I (from glutamate)	0	0	0	0	0.00478511	0	0	0.00283177	0.00074511	0	0	0.00342274	0.00329667	0	0	0.0201121	0.0233763	0.00170736	0.00141091	0.000462762	0.000893575	0
PWY-5189: tetrapyrrole biosynthesis II (from glycine)	0	0	0	0	0.00338078	0	0	0.00135221	0.000549508	0	0	0	0	0	0	2.80476e-05	0	0.00124943	0	0	0.000640511	0
PWY-5304: superpathway of sulfur oxidation (Acidianus ambivalens)	0	0.111388	0	0	0	0	0	0	0	0.0924634	0	0	0	0	0	0	0	0.0310383	0.0358164	0	0	0
PWY-5345: superpathway of L-methionine biosynthesis (by sulfhydrylation)	0	0	0	0	0.000585745	0	0	0.00112439	0	0	0	0	0	0	0	0	0	0	0	0	0	0
PWY-5347: superpathway of L-methionine biosynthesis (transsulfuration)	0	0	0	0	0.00261463	0	0	0.00114087	0.000667045	0	0	0.00272652	0.00274137	0	0.0030184	0	0	0.00167921	0.00101364	0	0	0
PWY-5367: petroselinate biosynthesis	0	0	0	0	0.00145198	0	0	0.000622764	0.000561489	0	0	0.00241848	0.00341101	0	0	0	0	0	0	0	0	0
PWY-5384: sucrose degradation IV (sucrose phosphorylase)	0	0	0	0	0.000493318	0	0	0.00074623	0	0	0	0	0	0	0	0	0	0	0	0	0	0
PWY-5464: superpathway of cytosolic glycolysis (plants), pyruvate dehydrogenase and TCA cycle	0	0	0	0	0	0	0	0.00669365	0.00145988	0	0	0	0	0	0	0	0	0	0	0	0	0
PWY-5484: glycolysis II (from fructose 6-phosphate)	0	0	0	0	0.0230558	0.0239866	0	0.0124429	0.0173607	0.0274244	0	0.0149335	0.0119553	0.0150963	0.00983976	0.000331996	0.00159084	0.0221533	0.018056	0.0200797	0.0214702	0.0130933
PWY-5497: purine nucleobases degradation II (anaerobic)	0	0	0	0	0.000263994	0	0	0.000332543	0.000244929	0	0	0	0	0	0	0	0	0	0	0	0	0
PWY-5505: L-glutamate and L-glutamine biosynthesis	0	0	0	0	0	0	0	0	0	0	0	0	0	0	0	0	0	0	0	0	0.00302674	0
PWY-5656: mannosylglycerate biosynthesis I	0	0	0	0	0.000741467	0	0	0.000486423	0.000272107	0	0	0	0	0	0	0	0	0	0	0	0	0
PWY-5659: GDP-mannose biosynthesis	0	0	0	0	0.000911953	0	0	0.00377691	0.000748522	0	0	0.00275548	0.00183949	0.0111825	0	0	0	0.00639765	0.00520462	0.00343835	0.00308483	0.00515322
PWY-5667: CDP-diacylglycerol biosynthesis I	0.0143355	0.0449935	0	0	0.00556994	0	0	0.00689578	0.00418214	0	0	0.00474136	0.00514075	0	0.00987073	7.25848e-05	0.000457504	0.0064013	0.00805716	0.004228	0.00991372	0.00493535
PWY-5675: nitrate reduction V (assimilatory)	0	0	0	0	0.00100953	0	0	0.00364232	0.000489291	0	0	0	0	0	0	0	0	0	0	0	0	0
PWY-5676: acetyl-CoA fermentation to butanoate II	0.00391006	0	0	0	0	0	0	0.000845437	0.00152728	0	0	0	0	0	0	0	0	0.0018494	0.00319297	0.00142394	0.000466329	0.00119784
PWY-5686: UMP biosynthesis I	0.00994797	0	0	0	0.00151682	0	0	0.00197111	0.00531968	0	0	0.00128877	0.00195898	0.00950008	0.0112248	0.00944339	0.0167226	0.00899656	0.00830053	0.0137635	0.00880384	0.00980958
PWY-5690: TCA cycle II (plants and fungi)	0	0	0	0.0249141	0.00803877	0.0176021	0	0.0101674	0.000753878	0	0	0	0	0	0	0	0	0.0146763	0.0134584	0.000385082	0.00441802	0
PWY-5695: inosine 5'-phosphate degradation	0.00443783	0	0	0	0.00750659	0.0130001	0	0.00727919	0.00868428	0	0	0.00645113	0.00506631	0	0.00325834	0.0183349	0.0254732	0.00789499	0.00842105	0.0166865	0.0119738	0.0113302
PWY-5705: allantoin degradation to glyoxylate III	0	0	0	0	0.000469113	0	0	0	0	0	0	0	0	0	0	0	0	0	0	0	0	0
PWY-5723: Rubisco shunt	0	0	0	0	0.00571727	0	0	0.00218385	0	0	0	0.00588936	0.00648375	0	0	0	0	0	0.00304492	0.000377187	0.00677226	0.00298952
PWY-5747: 2-methylcitrate cycle II	0	0	0	0	0.00053987	0	0	0	0	0	0	0.0160138	0.00410471	0	0	0	0	0	0	0	0	0
PWY-5791	0	0	0	0	0.00144159	0	0	0.000469602	0	0	0	0	0.00135343	0	0	0	0	0	0	0	0	0
PWY-5837: 2-carboxy-1,4-naphthoquinol biosynthesis	0	0	0	0	0.00154917	0	0	0.000469602	0	0	0	0	0.00162453	0	0	0.0179045	0.0091232	0	0	0	0	0
PWY-5838: superpathway of menaquinol-8 biosynthesis I	0	0	0	0	0.00158864	0	0	0.0010033	0	0	0	0	0.00197575	0	0	0	0	0	0	0	0	0
PWY-5840: superpathway of menaquinol-7 biosynthesis	0	0	0	0	0.00148822	0	0	0.000742705	0	0	0	0	0.00197575	0	0	0	0	0	0	0	0	0
PWY-5845: superpathway of menaquinol-9 biosynthesis	0	0	0	0	0.00148822	0	0	0.000742705	0	0	0	0	0.00197575	0	0	0	0	0	0	0	0	0
PWY-5850: superpathway of menaquinol-6 biosynthesis	0	0	0	0	0.00148822	0	0	0.000742705	0	0	0	0	0.00197575	0	0	0	0	0	0	0	0	0
PWY-5855: ubiquinol-7 biosynthesis (early decarboxylation)	0	0	0	0	0.0004059	0	0	0.000562416	0	0	0	0.00328434	0.00433418	0	0	0	0	0	0	0	0	0
PWY-5856: ubiquinol-9 biosynthesis (early decarboxylation)	0	0	0	0	0.0004059	0	0	0.000562416	0	0	0	0.00328434	0.00433418	0	0	0	0	0	0	0	0	0
PWY-5857: ubiquinol-10 biosynthesis (early decarboxylation)	0	0	0	0	0.0004059	0	0	0.000562416	0	0	0	0.00328434	0.00433418	0	0	0	0	0	0	0	0	0
PWY-5860: superpathway of demethylmenaquinol-6 biosynthesis I	0	0	0	0	0.00110002	0	0	0.000531925	0	0	0	0	0.00145097	0	0	0	0	0	0	0	0	0
PWY-5861: superpathway of demethylmenaquinol-8 biosynthesis I	0	0	0	0	0.00118292	0	0	0.000737799	0	0	0	0	0.00145097	0	0	0	0	0	0	0	0	0
PWY-5862: superpathway of demethylmenaquinol-9 biosynthesis	0	0	0	0	0.00110002	0	0	0.000531925	0	0	0	0	0.00145097	0	0	0	0	0	0	0	0	0
PWY-5863: superpathway of phylloquinol biosynthesis	0	0	0	0	0.000901236	0	0	0.000415619	0	0	0	0	0	0	0	0	0	0	0	0	0	0
PWY-5896: superpathway of menaquinol-10 biosynthesis	0	0	0	0	0.00148822	0	0	0.000742705	0	0	0	0	0.00197575	0	0	0	0	0	0	0	0	0
PWY-5897: superpathway of menaquinol-11 biosynthesis	0	0	0	0	0.00157605	0	0	0.000940879	0	0	0	0	0.00216093	0	0	0	0	0	0	0	0	0
PWY-5898: superpathway of menaquinol-12 biosynthesis	0	0	0	0	0.00157605	0	0	0.000940879	0	0	0	0	0.00216093	0	0	0	0	0	0	0	0	0
PWY-5899: superpathway of menaquinol-13 biosynthesis	0	0	0	0	0.00157605	0	0	0.000940879	0	0	0	0	0.00216093	0	0	0	0	0	0	0	0	0
PWY-5913: partial TCA cycle (obligate autotrophs)	0	0	0	0.0366032	0.00342086	0.00931157	0	0.00350923	0.00462124	0	0.0211679	0.00277565	0.00253656	0	0	0	0	0	0.000806399	0	0	0
PWY-5918: superpathway of heme b biosynthesis from glutamate	0	0	0	0	0.00249426	0	0	0.0018298	0	0	0	0	0.00152516	0	0	6.96551e-05	0	0	0	0	0	0
PWY-5971: palmitate biosynthesis (type II fatty acid synthase)	0	0	0	0	0.0129648	0	0	0.00682016	0.00600868	0	0	0.0177515	0.017018	0	0	0	0	0	0	0	0	0
PWY-5973: cis-vaccenate biosynthesis	0.00997212	0	0	0	0.0122817	0.0156454	0	0.00723696	0.00755307	0	0.0149009	0.00606007	0.00940044	0.0151898	0.00253797	0.000267128	0	0.0207427	0.0116423	0.0115776	0.00458994	0.018074
PWY-5989: stearate biosynthesis II (bacteria and plants)	0	0	0	0	0.00472962	0.0168776	0	0.00398594	0.00672242	0	0	0.0170198	0.0094047	0.00531073	0	1.39396e-05	0	0	0.00380667	0.000696494	0	0
PWY-5994: palmitate biosynthesis (type I fatty acid synthase)	0	0	0	0	0	0	0	0.000313796	0	0	0	0	0	0	0	0	0	0	0	0	0	0
PWY-6121: 5-aminoimidazole ribonucleotide biosynthesis I	0.00766152	0.0447251	0	0	0.00407811	0.0167346	0	0.00238867	0.00500648	0	0	0.00381918	0.00308672	0	0.00276037	0.0179578	0.0108427	0.00405517	0.00618072	0.00578805	0.00207924	0.00924826
PWY-6122: 5-aminoimidazole ribonucleotide biosynthesis II	0.0112198	0.0519221	0	0	0.00415528	0.0170759	0	0.00247903	0.00650445	0	0	0.00368678	0.00275036	0	0.00229857	0.0180286	0.0106682	0.00632096	0.00623156	0.00801201	0.00493576	0.0122731
PWY-6123: inosine-5'-phosphate biosynthesis I	0.0107448	0	0	0	0.00266929	0.00667092	0	0.00285498	0.0107563	0.036773	0	0	0.00192319	0.0033923	0.00587513	0.0106766	0.00796917	0.0126382	0.0114759	0.0116264	0.00417248	0.0191558
PWY-6124: inosine-5'-phosphate biosynthesis II	0.0100227	0	0	0	0.00311516	0.0123913	0	0.00297932	0.0120023	0.0309711	0	0	0.00189982	0.00338867	0.00719423	0.0109738	0.00840739	0.0167549	0.0135803	0.00996806	0.00352623	0.0181035
PWY-6125: superpathway of guanosine nucleotides de novo biosynthesis II	0.00725109	0	0	0	0.0067199	0	0	0.0141608	0.0104326	0	0.015096	0.0106915	0.00820477	0.0131669	0.00970779	0.0232502	0.0282587	0.0141038	0.00918027	0.00871275	0.00510275	0.014296
PWY-6126: superpathway of adenosine nucleotides de novo biosynthesis II	0.00799858	0	0	0	0.00927706	0	0	0.00977015	0.020235	0	0	0.0116065	0.0115845	0.0238322	0.0200847	0.0223142	0.0243947	0.0225062	0.0177293	0.0135252	0.00803539	0.0192767
PWY-6147: 6-hydroxymethyl-dihydropterin diphosphate biosynthesis I	0	0	0	0	0.00173503	0	0	0.0016767	0.00300156	0	0	0	0	0	0.00372628	0	0.0126281	0.00183005	0.00206178	0.0023761	0	0.00129044
PWY-6151: S-adenosyl-L-methionine salvage I	0.0108548	0	0	0	0.00603971	0.0253083	0	0.00462631	0.00254018	0.0222699	0	0.0060702	0.00645858	0.0155649	0.0069785	6.83285e-05	0.000881342	0.00307698	0.00430801	0.0170023	0.0220989	0.00139522
PWY-6163: chorismate biosynthesis from 3-dehydroquinate	0.00603706	0	0	0	0.00325636	0	0	0.00271964	0.00261754	0	0	0.00314374	0.0028624	0	0	0	0	0.0043453	0.00367841	0.011064	0.00796157	0.00534718
PWY-6168: flavin biosynthesis III (fungi)	0	0	0	0	0.00275209	0	0	0.00290266	0.00477391	0	0	0.00824997	0.00991214	0	0.0043774	0.0147674	0.0113624	0.00236198	0.00344581	0.00486729	0.00212536	0.00302144
PWY-622: starch biosynthesis	0	0	0	0	0.00127966	0	0	0	0	0	0	0	0	0	0	0	0	0	0	0	0	0
PWY-6270: isoprene biosynthesis I	0	0	0	0	0.00200369	0	0	0.00286178	0.00521057	0	0	0	0.00288491	0	0.00224546	0	0	0	0	0.00561725	0.0019967	0
PWY-6277: superpathway of 5-aminoimidazole ribonucleotide biosynthesis	0.0112198	0.0519221	0	0	0.00415528	0.0170759	0	0.00247903	0.00650445	0	0	0.00368678	0.00275036	0	0.00229857	0.0180286	0.0106682	0.00632096	0.00623156	0.00801201	0.00493576	0.0122731
PWY-6282: palmitoleate biosynthesis I (from (5Z)-dodec-5-enoate)	0	0	0	0	0.0140138	0.0333956	0	0.00747843	0.00634623	0	0.0166053	0.0182629	0.0158496	0.00545596	0	0.000172757	0	0	0.004128	0.00074486	0	0
PWY-6284: superpathway of unsaturated fatty acids biosynthesis (E. coli)	0	0	0	0	0.00474909	0	0	0.00220923	0.00154347	0	0	0.00803008	0.00983607	0	0	0	0	0	0	0	0	0
PWY-6285: superpathway of fatty acids biosynthesis (E. coli)	0	0	0	0	0.00701467	0	0	0.00343453	0	0	0	0.00978259	0.0110424	0	0	0	0	0	0	0	0	0
PWY-6305: superpathway of putrescine biosynthesis	0	0	0	0	0.00660139	0	0	0.00148269	0.00587409	0	0	0.00454862	0.00640308	0	0	4.41223e-05	0	0.00775423	0.00213566	0	0.00205128	0.00357278
PWY-6317: D-galactose degradation I (Leloir pathway)	0.00871823	0	0	0	0.00114786	0	0	0.00438291	0.00609766	0	0	0.00153835	0.00104584	0	0	0	0	0	0	0	0.000446684	0
PWY-6353: purine nucleotides degradation II (aerobic)	0.00252711	0	0	0	0.00154836	0	0	0.000813404	0.00124925	0	0	0	0	0	0	0	0	0	0	0	0.00124643	0
PWY-6385: peptidoglycan biosynthesis III (mycobacteria)	0.00846773	0	0	0	0.00295169	0	0	0.00274898	0.00518209	0	0	0.00171694	0.00271615	0	0.00410939	0.0156495	0.0200881	0.0046998	0.00469443	0.010294	0.00893916	0.00567765
PWY-6386: UDP-N-acetylmuramoyl-pentapeptide biosynthesis II (lysine-containing)	0.00820958	0	0	0	0.00286961	0	0	0.00264811	0.0037599	0	0	0.0018221	0.00258028	0	0.00293752	0.0195938	0.0222125	0.00409955	0.00455276	0.0108606	0.00701559	0.00555299
PWY-6387: UDP-N-acetylmuramoyl-pentapeptide biosynthesis I (meso-diaminopimelate containing)	0.00994058	0	0	0	0.00300594	0	0	0.00301622	0.00495866	0	0	0.00176631	0.00273261	0	0.00376165	0.0179223	0.0214372	0.00509123	0.00480225	0.0105517	0.00840006	0.00605656
PWY-6470: peptidoglycan biosynthesis V (&beta;-lactam resistance)	0	0	0	0	0	0	0	0.00170118	0	0	0	0	0	0	0	0	0	0	0	0	0	0
PWY-6471: peptidoglycan biosynthesis IV (Enterococcus faecium)	0	0	0	0	0.000692526	0	0	0.002468	0	0	0	0	0	0	0	0	0	0	0	0	0	0
PWY-6507: 4-deoxy-L-threo-hex-4-enopyranuronate degradation	0	0	0	0	0.000852525	0	0	0.00199261	0.000642978	0	0	0.00148495	0.0017028	0	0	0	0	0	0.00171054	0.000614625	0.00299403	0
PWY-6519: 8-amino-7-oxononanoate biosynthesis I	0	0	0	0	0.00122859	0	0	0.0027264	0.00460266	0	0	0	0.00194295	0	0	3.34093e-05	0	0	0.00304632	0.000774686	0	0
PWY-6527: stachyose degradation	0.0058419	0	0	0	0.00141576	0	0	0.00467459	0.00570546	0	0.0165312	0	0.000834663	0	0	0	0	0	0	0	0.000655432	0.000600502
PWY-6531: mannitol cycle	0	0	0	0	0.000440722	0	0	0.000637989	0	0	0	0	0	0	0	0	0	0	0	0	0	0
PWY-6545: pyrimidine deoxyribonucleotides de novo biosynthesis III	0	0	0	0	0	0	0	0.000454037	0	0	0	0	0	0	0	0	0	0	0	0	0	0
PWY-6588: pyruvate fermentation to acetone	0	0	0	0	0.000224148	0	0	0.000581163	0	0	0	0	0	0	0	0	0	0.0013944	0.00365072	0.000776157	0	0
PWY-6590: superpathway of Clostridium acetobutylicum acidogenic fermentation	0	0	0	0	0	0	0	0	0	0	0	0	0	0	0	0	0	0	0.00157787	0.00143019	0	0
PWY-6606: guanosine nucleotides degradation II	0.00139684	0	0	0	0.000259422	0	0	0	0.000673595	0	0	0	0	0	0	0.00828098	0.00594523	0	0	0	0.000595846	0
PWY-6608: guanosine nucleotides degradation III	0.00302139	0	0	0	0.00114615	0	0	0.000505358	0.00122336	0	0	0	0	0	0	0.00828098	0.00594523	0.00110882	0.000544143	0	0.00111123	0.0070796
PWY-6609: adenine and adenosine salvage III	0.0180666	0	0	0	0.00566114	0	0.0701108	0.00479061	0.00781287	0.0830963	0.035006	0.0106754	0.0122478	0	0.00323297	0	0	0.00630876	0.0104953	0.0301423	0.0271798	0.0116195
PWY-6612: superpathway of tetrahydrofolate biosynthesis	0	0	0	0	0.000793962	0	0	0.00113499	0	0	0	0	0	0	0	0	0	0	0	0	0	0
PWY-6630: superpathway of L-tyrosine biosynthesis	0	0	0	0	0.00116084	0	0	0.00039528	0	0	0	0	0	0	0	0	0	0	0	0	0	0
PWY-6690: cinnamate and 3-hydroxycinnamate degradation to 2-hydroxypentadienoate	0	0	0	0	0	0	0	0.0270646	0	0	0	0	0.000129352	0	0	0	0	0	0	0	0	0
PWY-6700: queuosine biosynthesis I (de novo)	0	0	0	0	0.00165879	0	0	0.00175486	0.00289495	0	0	0.00212779	0.00369996	0.00328642	0.00489429	0.00543382	0.0124557	0.00863731	0.0046836	0.0130566	0.0109977	0.00185927
PWY-6703: preQ0 biosynthesis	0	0	0	0	0.00114098	0.00477629	0	0.00174871	0.00323848	0	0	0.00811925	0.00641629	0	0.00570744	0.00586954	0.0070784	0.00272298	0.00193897	0.00392896	0.00288525	0.00362676
PWY-6708: ubiquinol-8 biosynthesis (early decarboxylation)	0	0	0	0	0.000484853	0	0	0.000562416	0	0	0	0.00328434	0.00433418	0	0	0	0	0	0	0	0	0
PWY-6731: starch degradation III	0	0	0	0	6.15197e-05	0	0	0.000920961	0.000548813	0	0	0	0	0	0	0	0	0	0	0	0	0.000969902
PWY-6737: starch degradation V	0.0305389	0	0	0	0.00577193	0	0	0.00315936	0.00895106	0.0133368	0	0.00241861	0.00235093	0	0	0	0	0.00924624	0.00997024	0.000756002	0	0.00515669
PWY-6803: phosphatidylcholine acyl editing	0	0	0	0	0.00108871	0	0	0.000488606	0	0	0	0.00265639	0.00223122	0	0	8.14161e-06	0	0	0	0	0	0
PWY-6823: molybdopterin biosynthesis	0	0	0	0	0	0	0	0.000433669	0	0	0	0	0	0	0	0	0	0	0	0	0	0
PWY-6859: all-trans-farnesol biosynthesis	0	0	0	0	0.00193525	0	0	0.00109247	0.000941599	0	0	0.00174243	0.00248112	0	0	0	0	0	0	0.00068006	0.00106243	0
PWY-6863: pyruvate fermentation to hexanol (engineered)	0	0	0	0	0	0	0	0.00015262	0	0	0	0	0	0	0	0	0	0	0	0	0	0
PWY-6892: thiazole component of thiamine diphosphate biosynthesis I	0	0	0	0	0.00276817	0	0	0.000103804	0	0	0	0	0.000154707	0	0	0	0	0	0	0	0	0
PWY-6897: thiamine diphosphate salvage II	0	0	0	0	0.0022732	0	0	0.000403864	0.00134699	0	0	0	0.000487982	0	0	0	0	0.00635328	0.00330808	0.0049847	0	0
PWY-6901: superpathway of glucose and xylose degradation	0	0	0	0	0.00323478	0	0	0.00609411	0.00617416	0	0	0.00394624	0.00320774	0	0	0	0	0	0	0	0.0130449	0
PWY-6936: seleno-amino acid biosynthesis (plants)	0	0	0	0	0.00503176	0.0329333	0	0.000789462	0.00067174	0	0	0	0.00129841	0	0.00172399	0.0014814	0.00121193	0.00327162	0.00170368	0	0	0
PWY-6969: TCA cycle V (2-oxoglutarate synthase)	0	0	0	0	0.00856289	0.0205626	0	0.0074454	0	0	0	0	0	0	0	0	0	0	0	0.000593548	0.00452168	0
PWY-7013: (S)-propane-1,2-diol degradation	0.00640999	0	0	0	0	0	0	0.000488821	0.000522991	0	0	0	0.00081758	0	0	0	0	0	0	0.00286768	0.00420217	0.00110275
PWY-7094: fatty acid salvage	0	0	0	0	0.00141755	0	0	0	0	0	0	0.0244078	0.00640258	0	0	0	0	0	0	0	0	0
PWY-7111: pyruvate fermentation to isobutanol (engineered)	0.0466466	0	0	0.019008	0.0158881	0.0459925	0	0.00683956	0.00829812	0.0520516	0	0.00289334	0.00201747	0.00602883	0.00457772	0.0194428	0.0244122	0.0130048	0.0115987	0.00972065	0.0098878	0.0122064
PWY-7115: C4 photosynthetic carbon assimilation cycle, NAD-ME type	0	0	0	0	0.00282691	0	0	0.00332521	0.00139284	0	0	0.00318907	0.00325399	0	0	0	0	0	0	0	0	0
PWY-7117: C4 photosynthetic carbon assimilation cycle, PEPCK type	0	0	0	0.0383193	0.00335942	0.00708384	0	0.00305944	0.00576294	0	0.0149493	0.00318228	0.00310972	0	0	0	0	0	0.000969057	0	0	0
PWY-7184: pyrimidine deoxyribonucleotides de novo biosynthesis I	0	0	0	0	0.00234284	0	0	0.00109516	0	0	0	0	0.00328282	0	0	0	0	0	0	0	0	0
PWY-7187: pyrimidine deoxyribonucleotides de novo biosynthesis II	0	0	0	0	0.00195467	0	0	0.00108167	0	0	0	0.00566179	0.00475334	0	0	0	0	0	0	0	0	0
PWY-7197: pyrimidine deoxyribonucleotide phosphorylation	0.00433756	0	0	0	0.00261067	0	0	0.00512827	0.00140677	0	0	0.00796559	0.00733886	0	0	0.0330388	0.0164616	0.00823041	0.00648072	0.00214497	0.00225277	0.00457187
PWY-7198: pyrimidine deoxyribonucleotides de novo biosynthesis IV	0	0	0	0	0	0	0	0.00100583	0	0	0	0	0	0	0	0	0	0	0	0	0	0.00224259
PWY-7199: pyrimidine deoxyribonucleosides salvage	0.00633949	0	0	0	0.000403282	0	0	0.00177909	0.00195569	0	0	0.00473734	0.00207249	0	0.0139016	0	0	0	0.00550464	0.010829	0.00668683	0.00569182
PWY-7204: pyridoxal 5'-phosphate salvage II (plants)	0	0	0	0	0.000708631	0	0	0.000624899	0	0	0	0	0	0	0	0	0	0	0	0	0	0
PWY-7208: superpathway of pyrimidine nucleobases salvage	0.0175455	0	0	0	0.00352401	0	0	0.00591743	0.00903459	0	0	0.0084725	0.00947494	0	0.00644138	0.0415265	0.0307011	0.00988899	0.00977872	0.0083137	0.00465869	0.00923967
PWY-7210: pyrimidine deoxyribonucleotides biosynthesis from CTP	0	0	0	0	0	0	0	0.00120385	0	0	0	0	0	0	0	0	0	0	0	0	0	0
PWY-7211: superpathway of pyrimidine deoxyribonucleotides de novo biosynthesis	0	0	0	0	0	0	0	0.000625052	0	0	0	0	0	0	0	0	0	0	0	0	0	0
PWY-7219: adenosine ribonucleotides de novo biosynthesis	0.0398286	0.188414	0	0	0.0140599	0.0391296	0	0.0140052	0.0266629	0.0737983	0.0301258	0.0118379	0.0181749	0.0375123	0.0207298	0.0396835	0.0300715	0.0300512	0.0240807	0.053123	0.0524967	0.0285306
PWY-7220: adenosine deoxyribonucleotides de novo biosynthesis II	0.00390561	0	0	0	0.00647424	0	0.351469	0.0353367	0.0166308	0	0.0290957	0.0232023	0.0159331	0.0769204	0.0561607	0.0768706	0.0341473	0.017871	0.0164518	0.00714912	0.00404433	0.0148382
PWY-7221: guanosine ribonucleotides de novo biosynthesis	0.0204302	0.119169	0	0.0212402	0.00744531	0	0	0.0122363	0.018314	0.0214875	0.0220936	0.0102318	0.00703586	0.0189731	0.0135123	0.0268331	0.0280999	0.0185667	0.0181333	0.0117761	0.00866411	0.0263318
PWY-7222: guanosine deoxyribonucleotides de novo biosynthesis II	0.00390561	0	0	0	0.00647424	0	0.351469	0.0353367	0.0166308	0	0.0290957	0.0232023	0.0159331	0.0769204	0.0561607	0.0768706	0.0341473	0.017871	0.0164518	0.00714912	0.00404433	0.0148382
PWY-7228: superpathway of guanosine nucleotides de novo biosynthesis I	0.0184532	0.0650072	0	0	0.00720352	0	0	0.0156573	0.0176158	0	0.0248127	0.0126539	0.00871013	0.0255559	0.018367	0.0345166	0.0312689	0.0185341	0.0174669	0.00954437	0.00572582	0.019581
PWY-7229: superpathway of adenosine nucleotides de novo biosynthesis I	0.0114788	0	0	0	0.0109932	0	0	0.00872241	0.0213613	0	0	0.0107713	0.0111876	0.0215307	0.0184189	0.0200378	0.0241325	0.0238623	0.0181124	0.0160829	0.0109645	0.0217859
PWY-7234: inosine-5'-phosphate biosynthesis III	0	0	0	0	0.0016319	0	0	0.00197474	0	0	0	0	0.00192319	0	0	0	0	0.0041639	0	0.00362951	0	0.0014887
PWY-7242: D-fructuronate degradation	0	0	0	0	0.000815123	0	0	0.0018063	0.00338715	0	0	0	0.0005414	0	0	0	0	0.00106791	0.00198729	0.00127066	0.00268568	0
PWY-724: superpathway of L-lysine, L-threonine and L-methionine biosynthesis II	0.00675509	0	0	0	0.00223875	0	0	0.00260158	0.00457662	0	0	0	0.00233463	0	0.00458083	0.00454174	0.00779287	0.00372016	0.00291378	0	0.00195586	0.00181575
PWY-7254: TCA cycle VII (acetate-producers)	0	0	0	0	0.00608947	0.0151459	0	0.00327901	0.000700839	0	0	0	0	0	0	0	0	0	0.000894379	0	0.00224996	0
PWY-7269: mitochondrial NADPH production (yeast)	0	0	0	0	0	0	0	0.00118487	0.00073122	0	0	0	0.00070738	0	0	0	0	0	0	0	0	0
PWY-7279: aerobic respiration II (cytochrome c) (yeast)	0.00322894	0	0	0.0247003	0	0	0	0	0.00125315	0	0	0	0	0	0	0	0	0	0	0.000962393	0.00171325	0
PWY-7282: 4-amino-2-methyl-5-diphosphomethylpyrimidine biosynthesis II	0	0	0	0	0.00259761	0	0	0.000917769	0	0	0	0.00136955	0.00124874	0	0	0	0	0.00260116	0.00340431	0.00180107	0	0
PWY-7315: dTDP-N-acetylthomosamine biosynthesis	0	0	0	0	0.000247671	0	0	0.000372466	0	0	0	0	0.000914065	0	0	0	0	0.0011283	0	0	0	0
PWY-7323: superpathway of GDP-mannose-derived O-antigen building blocks biosynthesis	0	0	0	0	0.000767804	0	0	0.00206639	0.000458743	0	0	0	0.000882016	0.00701733	0	0	0	0.0034435	0.00409641	0.00314731	0	0.00232107
PWY-7328: superpathway of UDP-glucose-derived O-antigen building blocks biosynthesis	0	0	0	0	0.0020409	0	0	0.000622671	0.000702195	0	0	0	0	0	0	0	0	0	0	0	0	0.00116686
PWY-7357: thiamine phosphate formation from pyrithiamine and oxythiamine (yeast)	0	0	0	0	0.00248099	0	0	0.000280812	0.00102432	0	0	0	0.000334197	0	0	0	0	0.00614179	0.00457151	0.00361605	0	0
PWY-7383: anaerobic energy metabolism (invertebrates, cytosol)	0.00646675	0	0	0	0	0	0	0	0	0	0	0	0	0	0	0	0	0.00617125	0.0109872	0.0035333	0.00314802	0.0128255
PWY-7384: anaerobic energy metabolism (invertebrates, mitochondrial)	0	0	0	0	0.00238446	0	0	0.000685718	0.00145885	0	0	0	0	0	0	0	0	0	0	0	0	0
PWY-7385: 1,3-propanediol biosynthesis (engineered)	0	0	0	0	0	0	0	0.000356802	0.000912566	0	0	0	0	0	0	0	0	0	0	0	0	0
PWY-7388: octanoyl-[acyl-carrier protein] biosynthesis (mitochondria, yeast)	0	0	0	0	0.0110506	0	0	0.00766987	0.00706418	0	0	0.0056074	0.00733099	0	0	0.00022114	0	0	0.00409637	0.000843937	0	0
PWY-7392: taxadiene biosynthesis (engineered)	0	0	0	0	0.00123935	0	0	0.00096557	0.0017331	0	0	0	0	0	0	0	0	0	0	0.00143232	0.00154409	0
PWY-7400: L-arginine biosynthesis IV (archaebacteria)	0	0	0	0	0.00168101	0	0	0.00491596	0.00526105	0	0	0.00743846	0.00717464	0	0	0	0	0	0	0.00294597	0.00558406	0
PWY-7409: phospholipid remodeling (phosphatidylethanolamine, yeast)	0	0	0	0	0.00086288	0	0	0.00016474	0	0	0	0	0	0	0	0	0	0	0	0	0	0
PWY-7446: sulfoquinovose degradation I	0	0	0	0	0	0	0	0	0.000240226	0	0	0	0.000231561	0	0	0	0	0	0	0	0	0
PWY-7456: &beta;-(1,4)-mannan degradation	0	0	0	0	0	0	0	0.00119767	0	0	0	0	0	0.00707756	0	0	0	0	0	0.00298517	0	0
PWY-7511: protein ubiquitination	0	0	0	0	0	0	0	0	0	0	0	0	0	0	0	0	0	0	0	0	8.06895e-05	0.000338248
PWY-7539: 6-hydroxymethyl-dihydropterin diphosphate biosynthesis III (Chlamydia)	0	0	0	0	0.000200433	0	0	0.00170093	0.0026678	0	0.00871291	0	0	0	0.00344066	0	0.00734931	0.00189114	0.0019322	0.00239475	0	0.00130528
PWY-7560: methylerythritol phosphate pathway II	0	0	0	0	0.00300621	0	0	0.00327054	0.00502505	0	0	0	0.0026911	0	0.00314785	3.78628e-05	0	0.00264572	0.00335466	0.00657541	0.00609038	0
PWY-7663: gondoate biosynthesis (anaerobic)	0.00838323	0	0	0	0.0170527	0.04044	0	0.00798176	0.00667651	0	0.0318787	0.0243021	0.0380037	0.0138255	0.00209338	0.000213826	0	0.0174573	0.00980342	0.00967305	0.00389053	0.0153222
PWY-7664: oleate biosynthesis IV (anaerobic)	0	0	0	0	0.0137528	0.0338546	0	0.00741136	0.00632769	0	0.0178911	0.0196425	0.0199933	0.0059281	0	0.000192841	0	0	0.00446514	0.000856366	0	0
PWY-821: superpathway of sulfur amino acid biosynthesis (Saccharomyces cerevisiae)	0	0	0	0	0	0	0	0.000486823	0	0	0	0	0	0	0	0	0	0	0	0	0	0
PWY-841: superpathway of purine nucleotides de novo biosynthesis I	0.00859625	0	0	0	0.0049663	0	0	0.00363992	0.0074961	0	0	0	0.00374774	0	0	0.0191428	0.0149628	0.00831296	0.0097654	0.00792927	0.00350324	0.013212
PWY0-1061: superpathway of L-alanine biosynthesis	0	0	0	0	0.00254059	0	0	0.00310705	0.000452417	0	0	0.00335765	0.0028385	0	0	0	0	0	0	0	0.00112256	0
PWY0-1241: ADP-L-glycero-&beta;-D-manno-heptose biosynthesis	0	0	0	0	0.00148021	0	0	0.000498237	0.00106051	0	0	0.00274917	0.00452485	0	0	0.0140131	0.0170527	0	0.000942033	0	0	0.00128072
PWY0-1261: anhydromuropeptides recycling I	0.00370134	0	0	0	0.00195422	0	0	0.0031467	0.00233279	0	0	0.00665643	0.00598366	0	0	0	0	0	0.00263679	0.00168056	0	0
PWY0-1277: 3-phenylpropanoate and 3-(3-hydroxyphenyl)propanoate degradation	0	0	0	0	0	0	0	0.0262992	0	0	0	0	0.000128227	0	0	0	0	0	0	0	0	0
PWY0-1296: purine ribonucleosides degradation	0.0129375	0	0	0.0526669	0.011431	0.0213382	0	0.00697111	0.00910265	0	0.0385733	0.010116	0.0116251	0	0	0	0	0.00557102	0.00543318	0.00299744	0.015079	0.00628549
PWY0-1297: superpathway of purine deoxyribonucleosides degradation	0	0	0	0	0.00711067	0	0	0.0064185	0.000853586	0	0	0.00499621	0.00597521	0	0	0	0	0	0	0.0019943	0.00217763	0
PWY0-1298: superpathway of pyrimidine deoxyribonucleosides degradation	0.00143547	0	0	0	0.00663978	0	0	0.00601333	0.00189888	0	0.0324709	0.0100335	0.00916747	0	0	0.000202629	0	0	0	0	0.00179119	0.000486719
PWY0-1319: CDP-diacylglycerol biosynthesis II	0.0143355	0.0449935	0	0	0.00556994	0	0	0.00689578	0.00418214	0	0	0.00474136	0.00514075	0	0.00987073	7.25848e-05	0.000457504	0.0064013	0.00805716	0.004228	0.00991372	0.00493535
PWY0-1338: polymyxin resistance	0	0	0	0	0.00133172	0	0	0.000145962	0	0	0	0	0.000740596	0	0	0	0	0	0	0	0	0
PWY0-1415: superpathway of heme b biosynthesis from uroporphyrinogen-III	0	0	0	0	0.00102654	0	0	0.000774569	0	0	0	0.00179559	0.00226358	0	0	0	0	0	0	0	0	0
PWY0-1479: tRNA processing	0	0	0	0	0.00320541	0.00690906	0	0.00310879	0.00161339	0	0	0.00398601	0.00405316	0	0	9.39284e-05	0.00031439	0.00349951	0.00113048	0	0	0
PWY0-1586: peptidoglycan maturation (meso-diaminopimelate containing)	0.00252063	0	0	0.0385325	0.00913007	0.0219575	0	0.00587471	0.00491192	0	0.0220743	0.0113982	0.0111542	0	0	0	0	0.00308345	0.00275753	0.000508141	0.00162813	0.000956482
PWY0-162: superpathway of pyrimidine ribonucleotides de novo biosynthesis	0.00420546	0	0	0	0.00136623	0	0	0.000600531	0	0	0	0	0.00221349	0	0.00483161	0	0	0.00602816	0.00604533	0.00362486	0	0.00736244
PWY0-166: superpathway of pyrimidine deoxyribonucleotides de novo biosynthesis (E. coli)	0	0	0	0	0.00212594	0	0	0.00112956	0	0	0	0	0.00312377	0	0	0	0	0	0	0	0	0
PWY0-42: 2-methylcitrate cycle I	0	0	0	0	0.000425691	0	0	0	0	0	0	0.013535	0.00373257	0	0	0	0	0	0	0	0	0
PWY0-781: aspartate superpathway	0	0	0	0	0.000912598	0	0	0.00141216	0	0	0	0	0.00263758	0	0	0	0	0	0	0	0	0
PWY0-845: superpathway of pyridoxal 5'-phosphate biosynthesis and salvage	0	0	0	0	0.00242201	0.0173398	0	0.00299782	0.00213774	0	0	0.00214373	0.00361229	0.0163725	0.00526819	1.79306e-05	0	0.00265246	0.00555649	0.00184385	0.00321485	0.00375381
PWY0-862: (5Z)-dodecenoate biosynthesis I	0	0	0	0	0.0123702	0.0317188	0	0.00689721	0.00606338	0	0.0165095	0.0215761	0.0364964	0.00528725	0	0.00018973	0	0.00238704	0.00399382	0.000739175	0.0022462	0
PWY3O-355: stearate biosynthesis III (fungi)	0	0	0	0	0	0	0	0.000423926	0.00759507	0	0	0	0	0	0	0	0	0	0	0	0	0.00212216
PWY4FS-7: phosphatidylglycerol biosynthesis I (plastidic)	0.00582271	0	0	0	0.00404244	0	0	0.00382807	0.00212852	0	0	0.00418204	0.00290781	0	0	7.5076e-05	0	0.0027516	0.00102974	0.00107097	0.00227293	0
PWY4FS-8: phosphatidylglycerol biosynthesis II (non-plastidic)	0.00582271	0	0	0	0.00404244	0	0	0.00382807	0.00212852	0	0	0.00418204	0.00290781	0	0	7.5076e-05	0	0.0027516	0.00102974	0.00107097	0.00227293	0
PWY4LZ-257: superpathway of fermentation (Chlamydomonas reinhardtii)	0	0	0	0	0.00368577	0	0	0.00547525	0.000750451	0	0	0	0	0	0	0	0	0	0	0.00188291	0	0
PWY66-389: phytol degradation	0	0	0	0	0.000450819	0	0	0.00135266	0.00164288	0	0	0	0.000439596	0	0	0	0	0	0	0	0	0
PWY66-399: gluconeogenesis III	0	0	0	0	0	0	0	0	0	0	0	0	0	0	0	0	0	0.0131847	0.0174847	0.00677212	0.00313885	0.0203397
PWY66-409: superpathway of purine nucleotide salvage	0	0	0	0	0.00369031	0	0	0.00413194	0	0	0	0.00348538	0.00652229	0	0	0	0	0	0	0	0	0
PWY66-422	0.00871823	0	0	0	0.00114786	0	0	0.00438291	0.00609766	0	0	0.00153835	0.00104584	0	0	0	0	0	0	0	0	0
PYRIDNUCSAL-PWY: NAD salvage pathway I (PNC VI cycle)	0	0	0	0	0.00180014	0	0	0.00093183	0	0	0	0	0	0	0	0	0	0	0	0	0	0
PYRIDNUCSYN-PWY: NAD de novo biosynthesis I (from aspartate)	0.00447193	0	0	0	0.00174885	0	0	0.00183797	0.00465019	0	0	0	0.00120956	0	0	0	0	0.0075102	0.00489162	0.00720131	0.00438049	0.00753433
PYRIDOXSYN-PWY: pyridoxal 5'-phosphate biosynthesis I	0	0	0	0	0.00286249	0.0105876	0	0.00390158	0.00190446	0	0	0.00349035	0.00432947	0.0237558	0.021738	1.05241e-05	0	0.00582072	0.00675811	0.0067303	0.00342178	0.00430194
REDCITCYC: TCA cycle VI (Helicobacter)	0	0	0	0	0	0	0	0	0	0	0	0	0	0	0	0	0	0	0	0	0.00071751	0
RHAMCAT-PWY: L-rhamnose degradation I	0.00254523	0	0	0	0.000131163	0	0	0.000149574	0	0	0	0	0.000129919	0	0	0	0	0	0	0.00409537	0.0154049	0
RIBOSYN2-PWY: flavin biosynthesis I (bacteria and plants)	0.00412425	0	0	0	0.00233978	0	0	0.00258046	0.00444385	0	0	0.00700894	0.00929044	0	0.00483406	0.013571	0.0117225	0.00286321	0.00395049	0.00491993	0.00532693	0.00294318
SALVADEHYPOX-PWY: adenosine nucleotides degradation II	0.00289585	0	0	0	0.0010289	0	0	0.000553578	0.000744547	0	0	0	0	0	0	0	0	0.000947695	0.00045901	0	0.000940452	0
SER-GLYSYN-PWY: superpathway of L-serine and glycine biosynthesis I	0.0120261	0.0773525	0	0	0.0100729	0.00933926	0	0.00541086	0.0143981	0.0262265	0.0140076	0.00620036	0.00632777	0.184294	0.154207	0	0	0.0244885	0.0183294	0.00961695	0.00469769	0.0393033
SO4ASSIM-PWY: assimilatory sulfate reduction I	0	0	0	0	0.00121097	0	0	0.00144387	0.000650465	0	0	0.0208602	0.0104161	0	0	0	0	0	0	0	0	0
SULFATE-CYS-PWY: superpathway of sulfate assimilation and cysteine biosynthesis	0	0	0	0	0.00191136	0	0	0.00138335	0.00110901	0	0	0.00982633	0.00761517	0	0	0	0	0	0	0	0	0
TCA-GLYOX-BYPASS: superpathway of glyoxylate bypass and TCA	0	0	0	0	0.00926209	0.0238304	0	0.00328743	0.000753618	0	0	0	0.00130005	0	0	0	0	0	0.00104391	0	0	0
TCA: TCA cycle I (prokaryotic)	0	0	0	0.0317962	0.00998097	0.0266514	0	0.0129666	0.00456267	0	0.0249719	0	0.00167884	0	0	0	0	0.019129	0.0167029	0.000755044	0.00608899	0
TEICHOICACID-PWY: poly(glycerol phosphate) wall teichoic acid biosynthesis	0	0	0	0	0	0	0	0.000120906	0.000607241	0	0	0	0	0	0	0	0	0	0	0	0	0.000730066
THISYN-PWY: superpathway of thiamine diphosphate biosynthesis I	0	0	0	0	0.00112081	0	0	0.000290828	0	0	0	0	0.000269641	0	0	0	0	0	0	0	0	0
THISYNARA-PWY: superpathway of thiamine diphosphate biosynthesis III (eukaryotes)	0	0	0	0	0.000865846	0	0	0.00016704	0	0	0	0	0	0	0	0	0	0	0	0	0	0
THREOCAT-PWY: superpathway of L-threonine metabolism	0	0	0	0	0	0	0	0.000154735	0	0	0	0	0	0	0	0	0	0	0	0	0	0
THRESYN-PWY: superpathway of L-threonine biosynthesis	0.00709766	0	0	0	0.00327693	0	0	0.00330423	0.00552824	0	0	0.00333068	0.003686	0	0.00574142	0.00477268	0.0116792	0.00353667	0.00381601	0.00174588	0.00302756	0.00463457
TRNA-CHARGING-PWY: tRNA charging	0.0161807	0	0	0	0.00628857	0.0128096	0	0.00583716	0.0100492	0	0	0.00512646	0.00588509	0.00889257	0.005796	8.87516e-05	0	0.0123612	0.0101273	0.0150674	0.0109509	0.0115712
TRPSYN-PWY: L-tryptophan biosynthesis	0	0	0	0	0.00153625	0	0	0.000382238	0	0	0	0	0.00143996	0	0	0.000567477	0.000755522	0	0	0.0018286	0.00220724	0
UBISYN-PWY: superpathway of ubiquinol-8 biosynthesis (early decarboxylation)	0	0	0	0	0.000535729	0	0	0.000615921	0	0	0	0	0	0	0	0	0	0	0	0	0	0
UDPNAGSYN-PWY: UDP-N-acetyl-D-glucosamine biosynthesis I	0.00287034	0	0	0	0.00258773	0	0	0.00514379	0.00345002	0	0	0.0113173	0.00730546	0	0	0.0128265	0.0109159	0	0.0021466	0.00232079	0	0
VALSYN-PWY: L-valine biosynthesis	0.0209573	0	0	0	0.00799171	0.0257396	0	0.00434236	0.00571914	0.0512044	0	0.0024914	0.00170456	0.0137765	0.0102769	0.0317875	0.0397949	0.01488	0.00883109	0.0200949	0.0219969	0.0171061
